{
	"Version": 3,
	"Meta": {
		"Duration": 1.97,
		"Fps": 30.0,
		"Loop": true,
		"AreBeziersRestricted": false,
		"CurveCount": 249,
		"TotalSegmentCount": 1807,
		"TotalPointCount": 2058,
		"UserDataCount": 0,
		"TotalUserDataSize": 0
	},
	"Curves": [
		{
			"Target": "Model",
			"Id": "Opacity",
			"Segments": [
				0,
				1,
				0,
				1,
				1,
				1,
				1.16,
				1,
				1.31,
				1,
				1.47,
				1,
				0,
				1.97,
				1
			]
		},
		{
			"Target": "Parameter",
			"Id": "ParamAngleX",
			"Segments": [
				0,
				0,
				2,
				1.967,
				0
			]
		},
		{
			"Target": "Parameter",
			"Id": "ParamAngleY",
			"Segments": [
				0,
				0,
				2,
				1.967,
				0
			]
		},
		{
			"Target": "Parameter",
			"Id": "ParamAngleZ",
			"Segments": [
				0,
				0,
				2,
				1.967,
				0
			]
		},
		{
			"Target": "Parameter",
			"Id": "Param169",
			"Segments": [
				0,
				-5,
				2,
				0.1,
				-5.178,
				2,
				0.133,
				-5.654,
				2,
				0.167,
				-6.342,
				2,
				0.2,
				-7.158,
				2,
				0.233,
				-8.002,
				2,
				0.267,
				-8.818,
				2,
				0.3,
				-9.506,
				2,
				0.333,
				-9.982,
				2,
				0.367,
				-10.16,
				2,
				0.4,
				-9.738,
				2,
				0.433,
				-8.557,
				2,
				0.467,
				-6.715,
				2,
				0.5,
				-4.423,
				2,
				0.533,
				-1.682,
				2,
				0.567,
				1.276,
				2,
				0.6,
				4.36,
				2,
				0.633,
				7.444,
				2,
				0.667,
				10.402,
				2,
				0.7,
				13.143,
				2,
				0.733,
				15.435,
				2,
				0.767,
				17.277,
				2,
				0.8,
				18.458,
				2,
				0.833,
				18.88,
				2,
				0.867,
				18.404,
				2,
				0.9,
				17.13,
				2,
				0.933,
				15.286,
				2,
				0.967,
				13.101,
				2,
				1,
				10.843,
				2,
				1.033,
				8.658,
				2,
				1.067,
				6.814,
				2,
				1.1,
				5.539,
				2,
				1.133,
				5.064,
				2,
				1.167,
				5.413,
				2,
				1.2,
				6.262,
				2,
				1.233,
				7.389,
				2,
				1.267,
				8.517,
				2,
				1.3,
				9.365,
				2,
				1.333,
				9.714,
				2,
				1.367,
				9.593,
				2,
				1.4,
				9.289,
				2,
				1.433,
				8.893,
				2,
				1.467,
				8.496,
				2,
				1.5,
				8.195,
				2,
				1.533,
				8.073,
				2,
				1.967,
				8.073
			]
		},
		{
			"Target": "Parameter",
			"Id": "Param252",
			"Segments": [
				0,
				-13,
				2,
				0.1,
				-13.161,
				2,
				0.133,
				-13.593,
				2,
				0.167,
				-14.217,
				2,
				0.2,
				-14.958,
				2,
				0.233,
				-15.722,
				2,
				0.267,
				-16.463,
				2,
				0.3,
				-17.087,
				2,
				0.333,
				-17.519,
				2,
				0.367,
				-17.68,
				2,
				0.4,
				-16.988,
				2,
				0.433,
				-15.049,
				2,
				0.467,
				-12.023,
				2,
				0.5,
				-8.26,
				2,
				0.533,
				-3.761,
				2,
				0.567,
				1.096,
				2,
				0.6,
				6.16,
				2,
				0.633,
				11.224,
				2,
				0.667,
				16.081,
				2,
				0.7,
				20.58,
				2,
				0.733,
				24.343,
				2,
				0.767,
				27.369,
				2,
				0.8,
				29.308,
				2,
				0.833,
				30,
				2,
				0.867,
				28.589,
				2,
				0.9,
				24.807,
				2,
				0.933,
				19.335,
				2,
				0.967,
				12.85,
				2,
				1,
				6.15,
				2,
				1.033,
				-0.335,
				2,
				1.067,
				-5.807,
				2,
				1.1,
				-9.589,
				2,
				1.133,
				-11,
				2,
				1.167,
				-10.602,
				2,
				1.2,
				-9.635,
				2,
				1.233,
				-8.35,
				2,
				1.267,
				-7.065,
				2,
				1.3,
				-6.098,
				2,
				1.333,
				-5.7,
				2,
				1.367,
				-5.829,
				2,
				1.4,
				-6.187,
				2,
				1.433,
				-6.732,
				2,
				1.467,
				-7.421,
				2,
				1.5,
				-7.906,
				2,
				1.533,
				-8.017,
				2,
				1.967,
				-8.017
			]
		},
		{
			"Target": "Parameter",
			"Id": "Param110",
			"Segments": [
				0,
				-0.5,
				2,
				0.133,
				-0.509,
				2,
				0.167,
				-0.532,
				2,
				0.2,
				-0.565,
				2,
				0.233,
				-0.605,
				2,
				0.267,
				-0.645,
				2,
				0.3,
				-0.685,
				2,
				0.333,
				-0.718,
				2,
				0.367,
				-0.741,
				2,
				0.4,
				-0.75,
				2,
				0.433,
				-0.725,
				2,
				0.467,
				-0.653,
				2,
				0.5,
				-0.542,
				2,
				0.533,
				-0.404,
				2,
				0.567,
				-0.239,
				2,
				0.6,
				-0.061,
				2,
				0.633,
				0.125,
				2,
				0.667,
				0.311,
				2,
				0.7,
				0.489,
				2,
				0.733,
				0.654,
				2,
				0.767,
				0.792,
				2,
				0.8,
				0.903,
				2,
				0.833,
				0.975,
				2,
				0.867,
				1,
				2,
				0.9,
				0.962,
				2,
				0.933,
				0.861,
				2,
				0.967,
				0.714,
				2,
				1,
				0.54,
				2,
				1.033,
				0.36,
				2,
				1.067,
				0.186,
				2,
				1.1,
				0.039,
				2,
				1.133,
				-0.062,
				2,
				1.167,
				-0.1,
				2,
				1.2,
				-0.09,
				2,
				1.233,
				-0.064,
				2,
				1.267,
				-0.031,
				2,
				1.3,
				0.003,
				2,
				1.333,
				0.029,
				2,
				1.367,
				0.039,
				2,
				1.4,
				0.035,
				2,
				1.433,
				0.024,
				2,
				1.467,
				0.004,
				2,
				1.5,
				-0.016,
				2,
				1.533,
				-0.027,
				2,
				1.567,
				-0.031,
				2,
				1.967,
				-0.031
			]
		},
		{
			"Target": "Parameter",
			"Id": "Param253",
			"Segments": [
				0,
				-21,
				2,
				0.1,
				-21.31,
				2,
				0.133,
				-22.14,
				2,
				0.167,
				-23.341,
				2,
				0.2,
				-24.765,
				2,
				0.233,
				-26.235,
				2,
				0.267,
				-27.659,
				2,
				0.3,
				-28.86,
				2,
				0.333,
				-29.69,
				2,
				0.367,
				-30,
				2,
				0.4,
				-29.347,
				2,
				0.433,
				-27.517,
				2,
				0.467,
				-24.661,
				2,
				0.5,
				-21.109,
				2,
				0.533,
				-16.863,
				2,
				0.567,
				-12.279,
				2,
				0.6,
				-7.5,
				2,
				0.633,
				-2.721,
				2,
				0.667,
				1.863,
				2,
				0.7,
				6.109,
				2,
				0.733,
				9.661,
				2,
				0.767,
				12.517,
				2,
				0.8,
				14.347,
				2,
				0.833,
				15,
				2,
				0.867,
				14.243,
				2,
				0.9,
				12.214,
				2,
				0.933,
				9.277,
				2,
				0.967,
				5.797,
				2,
				1,
				2.203,
				2,
				1.033,
				-1.277,
				2,
				1.067,
				-4.214,
				2,
				1.1,
				-6.243,
				2,
				1.133,
				-7,
				2,
				1.167,
				-6.791,
				2,
				1.2,
				-6.283,
				2,
				1.233,
				-5.607,
				2,
				1.267,
				-4.931,
				2,
				1.3,
				-4.423,
				2,
				1.333,
				-4.214,
				2,
				1.367,
				-4.291,
				2,
				1.4,
				-4.506,
				2,
				1.433,
				-4.833,
				2,
				1.467,
				-5.248,
				2,
				1.5,
				-5.54,
				2,
				1.533,
				-5.607,
				2,
				1.967,
				-5.607
			]
		},
		{
			"Target": "Parameter",
			"Id": "ParamCheek",
			"Segments": [
				0,
				0,
				2,
				1.967,
				0
			]
		},
		{
			"Target": "Parameter",
			"Id": "ParamBodyAngleX",
			"Segments": [
				0,
				0,
				2,
				1.967,
				0
			]
		},
		{
			"Target": "Parameter",
			"Id": "ParamBodyAngleY",
			"Segments": [
				0,
				0,
				2,
				1.967,
				0
			]
		},
		{
			"Target": "Parameter",
			"Id": "ParamBodyAngleZ",
			"Segments": [
				0,
				0,
				2,
				1.967,
				0
			]
		},
		{
			"Target": "Parameter",
			"Id": "Param111",
			"Segments": [
				0,
				1,
				2,
				1.967,
				1
			]
		},
		{
			"Target": "Parameter",
			"Id": "ParamBodyAngleX2",
			"Segments": [
				0,
				-6,
				2,
				0.033,
				-6.051,
				2,
				0.067,
				-6.187,
				2,
				0.1,
				-6.385,
				2,
				0.133,
				-6.619,
				2,
				0.167,
				-6.861,
				2,
				0.2,
				-7.095,
				2,
				0.233,
				-7.293,
				2,
				0.267,
				-7.429,
				2,
				0.3,
				-7.48,
				2,
				0.333,
				-7.226,
				2,
				0.367,
				-6.515,
				2,
				0.4,
				-5.406,
				2,
				0.433,
				-4.027,
				2,
				0.467,
				-2.377,
				2,
				0.5,
				-0.597,
				2,
				0.533,
				1.26,
				2,
				0.567,
				3.117,
				2,
				0.6,
				4.897,
				2,
				0.633,
				6.547,
				2,
				0.667,
				7.926,
				2,
				0.7,
				9.035,
				2,
				0.733,
				9.746,
				2,
				0.767,
				10,
				2,
				0.8,
				9.904,
				2,
				0.833,
				9.645,
				2,
				0.867,
				9.272,
				2,
				0.9,
				8.829,
				2,
				0.933,
				8.371,
				2,
				0.967,
				7.928,
				2,
				1,
				7.555,
				2,
				1.033,
				7.296,
				2,
				1.067,
				7.2,
				2,
				1.1,
				7.249,
				2,
				1.133,
				7.368,
				2,
				1.167,
				7.526,
				2,
				1.2,
				7.685,
				2,
				1.233,
				7.804,
				2,
				1.267,
				7.853,
				2,
				1.3,
				7.263,
				2,
				1.333,
				5.831,
				2,
				1.367,
				3.926,
				2,
				1.4,
				2.022,
				2,
				1.433,
				0.59,
				2,
				1.467,
				0,
				2,
				1.967,
				0
			]
		},
		{
			"Target": "Parameter",
			"Id": "ParamBodyAngleY2",
			"Segments": [
				0,
				-6,
				2,
				0.033,
				-6.036,
				2,
				0.067,
				-6.134,
				2,
				0.1,
				-6.276,
				2,
				0.133,
				-6.443,
				2,
				0.167,
				-6.617,
				2,
				0.2,
				-6.784,
				2,
				0.233,
				-6.926,
				2,
				0.267,
				-7.024,
				2,
				0.3,
				-7.06,
				2,
				0.333,
				-6.87,
				2,
				0.367,
				-6.339,
				2,
				0.4,
				-5.511,
				2,
				0.433,
				-4.48,
				2,
				0.467,
				-3.247,
				2,
				0.5,
				-1.917,
				2,
				0.533,
				-0.53,
				2,
				0.567,
				0.857,
				2,
				0.6,
				2.187,
				2,
				0.633,
				3.42,
				2,
				0.667,
				4.451,
				2,
				0.7,
				5.279,
				2,
				0.733,
				5.81,
				2,
				0.767,
				6,
				2,
				0.8,
				5.518,
				2,
				0.833,
				4.227,
				2,
				0.867,
				2.358,
				2,
				0.9,
				0.144,
				2,
				0.933,
				-2.144,
				2,
				0.967,
				-4.358,
				2,
				1,
				-6.227,
				2,
				1.033,
				-7.518,
				2,
				1.067,
				-8,
				2,
				1.1,
				-7.867,
				2,
				1.133,
				-7.543,
				2,
				1.167,
				-7.114,
				2,
				1.2,
				-6.684,
				2,
				1.233,
				-6.36,
				2,
				1.267,
				-6.227,
				2,
				1.3,
				-6.294,
				2,
				1.333,
				-6.455,
				2,
				1.367,
				-6.67,
				2,
				1.4,
				-6.886,
				2,
				1.433,
				-7.047,
				2,
				1.467,
				-7.114,
				2,
				1.967,
				-7.114
			]
		},
		{
			"Target": "Parameter",
			"Id": "Param133",
			"Segments": [
				0,
				0.4,
				2,
				0.033,
				0.378,
				2,
				0.067,
				0.318,
				2,
				0.1,
				0.231,
				2,
				0.133,
				0.128,
				2,
				0.167,
				0.022,
				2,
				0.2,
				-0.081,
				2,
				0.233,
				-0.168,
				2,
				0.267,
				-0.228,
				2,
				0.3,
				-0.25,
				2,
				0.333,
				-0.246,
				2,
				0.367,
				-0.236,
				2,
				0.4,
				-0.22,
				2,
				0.433,
				-0.201,
				2,
				0.467,
				-0.177,
				2,
				0.5,
				-0.152,
				2,
				0.533,
				-0.125,
				2,
				0.567,
				-0.098,
				2,
				0.6,
				-0.073,
				2,
				0.633,
				-0.049,
				2,
				0.667,
				-0.03,
				2,
				0.7,
				-0.014,
				2,
				0.733,
				-0.004,
				2,
				0.767,
				0,
				2,
				0.8,
				-0.022,
				2,
				0.833,
				-0.082,
				2,
				0.867,
				-0.169,
				2,
				0.9,
				-0.272,
				2,
				0.933,
				-0.378,
				2,
				0.967,
				-0.481,
				2,
				1,
				-0.568,
				2,
				1.033,
				-0.628,
				2,
				1.067,
				-0.65,
				2,
				1.1,
				-0.644,
				2,
				1.133,
				-0.629,
				2,
				1.167,
				-0.609,
				2,
				1.2,
				-0.589,
				2,
				1.233,
				-0.574,
				2,
				1.267,
				-0.568,
				2,
				1.3,
				-0.571,
				2,
				1.333,
				-0.579,
				2,
				1.367,
				-0.589,
				2,
				1.4,
				-0.598,
				2,
				1.433,
				-0.606,
				2,
				1.467,
				-0.609,
				2,
				1.967,
				-0.609
			]
		},
		{
			"Target": "Parameter",
			"Id": "ParamBodyAngleX5",
			"Segments": [
				0,
				2,
				2,
				0.067,
				2.056,
				2,
				0.1,
				2.208,
				2,
				0.133,
				2.427,
				2,
				0.167,
				2.686,
				2,
				0.2,
				2.954,
				2,
				0.233,
				3.213,
				2,
				0.267,
				3.432,
				2,
				0.3,
				3.584,
				2,
				0.333,
				3.64,
				2,
				0.367,
				3.515,
				2,
				0.4,
				3.163,
				2,
				0.433,
				2.615,
				2,
				0.467,
				1.933,
				2,
				0.5,
				1.118,
				2,
				0.533,
				0.238,
				2,
				0.567,
				-0.68,
				2,
				0.6,
				-1.598,
				2,
				0.633,
				-2.478,
				2,
				0.667,
				-3.293,
				2,
				0.7,
				-3.975,
				2,
				0.733,
				-4.523,
				2,
				0.767,
				-4.875,
				2,
				0.8,
				-5,
				2,
				0.833,
				-4.716,
				2,
				0.867,
				-3.956,
				2,
				0.9,
				-2.857,
				2,
				0.933,
				-1.553,
				2,
				0.967,
				-0.207,
				2,
				1,
				1.097,
				2,
				1.033,
				2.196,
				2,
				1.067,
				2.956,
				2,
				1.1,
				3.24,
				2,
				1.133,
				3.162,
				2,
				1.167,
				2.971,
				2,
				1.2,
				2.718,
				2,
				1.233,
				2.465,
				2,
				1.267,
				2.274,
				2,
				1.3,
				2.196,
				2,
				1.333,
				2.221,
				2,
				1.367,
				2.291,
				2,
				1.4,
				2.398,
				2,
				1.433,
				2.53,
				2,
				1.467,
				2.679,
				2,
				1.5,
				2.718,
				2,
				1.967,
				2.718
			]
		},
		{
			"Target": "Parameter",
			"Id": "ParamBodyAngleY3",
			"Segments": [
				0,
				0,
				2,
				1.967,
				0
			]
		},
		{
			"Target": "Parameter",
			"Id": "ParamBodyAngleZ2",
			"Segments": [
				0,
				3,
				2,
				0.1,
				3.052,
				2,
				0.133,
				3.193,
				2,
				0.167,
				3.395,
				2,
				0.2,
				3.636,
				2,
				0.233,
				3.884,
				2,
				0.267,
				4.125,
				2,
				0.3,
				4.327,
				2,
				0.333,
				4.468,
				2,
				0.367,
				4.52,
				2,
				0.4,
				4.44,
				2,
				0.433,
				4.215,
				2,
				0.467,
				3.865,
				2,
				0.5,
				3.429,
				2,
				0.533,
				2.909,
				2,
				0.567,
				2.346,
				2,
				0.6,
				1.76,
				2,
				0.633,
				1.174,
				2,
				0.667,
				0.611,
				2,
				0.7,
				0.091,
				2,
				0.733,
				-0.345,
				2,
				0.767,
				-0.695,
				2,
				0.8,
				-0.92,
				2,
				0.833,
				-1,
				2,
				0.867,
				-0.863,
				2,
				0.9,
				-0.496,
				2,
				0.933,
				0.035,
				2,
				0.967,
				0.665,
				2,
				1,
				1.315,
				2,
				1.033,
				1.945,
				2,
				1.067,
				2.476,
				2,
				1.1,
				2.843,
				2,
				1.133,
				2.98,
				2,
				1.167,
				2.942,
				2,
				1.2,
				2.85,
				2,
				1.233,
				2.728,
				2,
				1.267,
				2.606,
				2,
				1.3,
				2.514,
				2,
				1.333,
				2.476,
				2,
				1.367,
				2.49,
				2,
				1.4,
				2.529,
				2,
				1.433,
				2.588,
				2,
				1.467,
				2.663,
				2,
				1.5,
				2.716,
				2,
				1.533,
				2.728,
				2,
				1.967,
				2.728
			]
		},
		{
			"Target": "Parameter",
			"Id": "ParamBodyAngleZ3",
			"Segments": [
				0,
				7.1,
				2,
				0.033,
				7.2,
				2,
				0.067,
				7.467,
				2,
				0.1,
				7.854,
				2,
				0.133,
				8.313,
				2,
				0.167,
				8.787,
				2,
				0.2,
				9.246,
				2,
				0.233,
				9.633,
				2,
				0.267,
				9.9,
				2,
				0.3,
				10,
				2,
				0.333,
				9.753,
				2,
				0.367,
				9.062,
				2,
				0.4,
				7.983,
				2,
				0.433,
				6.641,
				2,
				0.467,
				5.037,
				2,
				0.5,
				3.306,
				2,
				0.533,
				1.5,
				2,
				0.567,
				-0.306,
				2,
				0.6,
				-2.037,
				2,
				0.633,
				-3.641,
				2,
				0.667,
				-4.983,
				2,
				0.7,
				-6.062,
				2,
				0.733,
				-6.753,
				2,
				0.767,
				-7,
				2,
				0.8,
				-6.447,
				2,
				0.833,
				-4.966,
				2,
				0.867,
				-2.822,
				2,
				0.9,
				-0.282,
				2,
				0.933,
				2.342,
				2,
				0.967,
				4.882,
				2,
				1,
				7.026,
				2,
				1.033,
				8.507,
				2,
				1.067,
				9.06,
				2,
				1.1,
				8.907,
				2,
				1.133,
				8.536,
				2,
				1.167,
				8.043,
				2,
				1.2,
				7.55,
				2,
				1.233,
				7.179,
				2,
				1.267,
				7.026,
				2,
				1.3,
				7.102,
				2,
				1.333,
				7.288,
				2,
				1.367,
				7.534,
				2,
				1.4,
				7.781,
				2,
				1.433,
				7.967,
				2,
				1.467,
				8.043,
				2,
				1.967,
				8.043
			]
		},
		{
			"Target": "Parameter",
			"Id": "ParamBodyAngleX3",
			"Segments": [
				0,
				0,
				2,
				1.967,
				0
			]
		},
		{
			"Target": "Parameter",
			"Id": "ParamBodyAngleX4",
			"Segments": [
				0,
				0,
				2,
				1.967,
				0
			]
		},
		{
			"Target": "Parameter",
			"Id": "Param7",
			"Segments": [
				0,
				0,
				2,
				1.967,
				0
			]
		},
		{
			"Target": "Parameter",
			"Id": "Param15",
			"Segments": [
				0,
				0,
				2,
				1.967,
				0
			]
		},
		{
			"Target": "Parameter",
			"Id": "Param8",
			"Segments": [
				0,
				0,
				2,
				1.967,
				0
			]
		},
		{
			"Target": "Parameter",
			"Id": "Param9",
			"Segments": [
				0,
				0,
				2,
				1.967,
				0
			]
		},
		{
			"Target": "Parameter",
			"Id": "Param10",
			"Segments": [
				0,
				0,
				2,
				1.967,
				0
			]
		},
		{
			"Target": "Parameter",
			"Id": "Param11",
			"Segments": [
				0,
				0,
				2,
				1.967,
				0
			]
		},
		{
			"Target": "Parameter",
			"Id": "Param12",
			"Segments": [
				0,
				0,
				2,
				1.967,
				0
			]
		},
		{
			"Target": "Parameter",
			"Id": "Param22",
			"Segments": [
				0,
				0,
				2,
				1.967,
				0
			]
		},
		{
			"Target": "Parameter",
			"Id": "Param25",
			"Segments": [
				0,
				0,
				2,
				1.967,
				0
			]
		},
		{
			"Target": "Parameter",
			"Id": "Param139",
			"Segments": [
				0,
				0,
				2,
				1.967,
				0
			]
		},
		{
			"Target": "Parameter",
			"Id": "Param26",
			"Segments": [
				0,
				0,
				2,
				1.967,
				0
			]
		},
		{
			"Target": "Parameter",
			"Id": "Param104",
			"Segments": [
				0,
				0,
				2,
				1.967,
				0
			]
		},
		{
			"Target": "Parameter",
			"Id": "Param105",
			"Segments": [
				0,
				0,
				2,
				1.967,
				0
			]
		},
		{
			"Target": "Parameter",
			"Id": "Param106",
			"Segments": [
				0,
				0,
				2,
				1.967,
				0
			]
		},
		{
			"Target": "Parameter",
			"Id": "Param107",
			"Segments": [
				0,
				0,
				2,
				1.967,
				0
			]
		},
		{
			"Target": "Parameter",
			"Id": "Param108",
			"Segments": [
				0,
				0,
				2,
				1.967,
				0
			]
		},
		{
			"Target": "Parameter",
			"Id": "Param109",
			"Segments": [
				0,
				0,
				2,
				1.967,
				0
			]
		},
		{
			"Target": "Parameter",
			"Id": "Param76",
			"Segments": [
				0,
				0,
				2,
				1.967,
				0
			]
		},
		{
			"Target": "Parameter",
			"Id": "Param77",
			"Segments": [
				0,
				0,
				2,
				1.967,
				0
			]
		},
		{
			"Target": "Parameter",
			"Id": "Param78",
			"Segments": [
				0,
				0,
				2,
				1.967,
				0
			]
		},
		{
			"Target": "Parameter",
			"Id": "Param79",
			"Segments": [
				0,
				0,
				2,
				1.967,
				0
			]
		},
		{
			"Target": "Parameter",
			"Id": "Param80",
			"Segments": [
				0,
				0,
				2,
				1.967,
				0
			]
		},
		{
			"Target": "Parameter",
			"Id": "Param87",
			"Segments": [
				0,
				0,
				2,
				1.967,
				0
			]
		},
		{
			"Target": "Parameter",
			"Id": "Param86",
			"Segments": [
				0,
				0,
				2,
				1.967,
				0
			]
		},
		{
			"Target": "Parameter",
			"Id": "Param81",
			"Segments": [
				0,
				0,
				2,
				1.967,
				0
			]
		},
		{
			"Target": "Parameter",
			"Id": "Param82",
			"Segments": [
				0,
				0,
				2,
				1.967,
				0
			]
		},
		{
			"Target": "Parameter",
			"Id": "Param83",
			"Segments": [
				0,
				0,
				2,
				1.967,
				0
			]
		},
		{
			"Target": "Parameter",
			"Id": "Param84",
			"Segments": [
				0,
				0,
				2,
				1.967,
				0
			]
		},
		{
			"Target": "Parameter",
			"Id": "Param85",
			"Segments": [
				0,
				0,
				2,
				1.967,
				0
			]
		},
		{
			"Target": "Parameter",
			"Id": "Param98",
			"Segments": [
				0,
				0,
				2,
				1.967,
				0
			]
		},
		{
			"Target": "Parameter",
			"Id": "Param99",
			"Segments": [
				0,
				0,
				2,
				1.967,
				0
			]
		},
		{
			"Target": "Parameter",
			"Id": "Param100",
			"Segments": [
				0,
				0,
				2,
				1.967,
				0
			]
		},
		{
			"Target": "Parameter",
			"Id": "Param101",
			"Segments": [
				0,
				0,
				2,
				1.967,
				0
			]
		},
		{
			"Target": "Parameter",
			"Id": "Param102",
			"Segments": [
				0,
				0,
				2,
				1.967,
				0
			]
		},
		{
			"Target": "Parameter",
			"Id": "Param103",
			"Segments": [
				0,
				0,
				2,
				1.967,
				0
			]
		},
		{
			"Target": "Parameter",
			"Id": "Param92",
			"Segments": [
				0,
				0,
				2,
				1.967,
				0
			]
		},
		{
			"Target": "Parameter",
			"Id": "Param93",
			"Segments": [
				0,
				0,
				2,
				1.967,
				0
			]
		},
		{
			"Target": "Parameter",
			"Id": "Param94",
			"Segments": [
				0,
				0,
				2,
				1.967,
				0
			]
		},
		{
			"Target": "Parameter",
			"Id": "Param95",
			"Segments": [
				0,
				0,
				2,
				1.967,
				0
			]
		},
		{
			"Target": "Parameter",
			"Id": "Param96",
			"Segments": [
				0,
				0,
				2,
				1.967,
				0
			]
		},
		{
			"Target": "Parameter",
			"Id": "Param97",
			"Segments": [
				0,
				0,
				2,
				1.967,
				0
			]
		},
		{
			"Target": "Parameter",
			"Id": "Param88",
			"Segments": [
				0,
				0,
				2,
				0.033,
				0.004,
				2,
				0.067,
				0.015,
				2,
				0.1,
				0.031,
				2,
				0.133,
				0.05,
				2,
				0.167,
				0.073,
				2,
				0.2,
				0.095,
				2,
				0.233,
				0.118,
				2,
				0.267,
				0.137,
				2,
				0.3,
				0.153,
				2,
				0.333,
				0.164,
				2,
				0.367,
				0.168,
				2,
				0.4,
				0.163,
				2,
				0.433,
				0.151,
				2,
				0.467,
				0.13,
				2,
				0.5,
				0.104,
				2,
				0.533,
				0.073,
				2,
				0.567,
				0.037,
				2,
				0.6,
				-0.001,
				2,
				0.633,
				-0.041,
				2,
				0.667,
				-0.081,
				2,
				0.7,
				-0.121,
				2,
				0.733,
				-0.159,
				2,
				0.767,
				-0.195,
				2,
				0.8,
				-0.226,
				2,
				0.833,
				-0.252,
				2,
				0.867,
				-0.273,
				2,
				0.9,
				-0.285,
				2,
				0.933,
				-0.29,
				2,
				1.133,
				-0.29,
				2,
				1.167,
				-0.29,
				2,
				1.967,
				-0.29
			]
		},
		{
			"Target": "Parameter",
			"Id": "Param89",
			"Segments": [
				0,
				0,
				2,
				0.033,
				-0.005,
				2,
				0.067,
				-0.019,
				2,
				0.1,
				-0.039,
				2,
				0.133,
				-0.064,
				2,
				0.167,
				-0.093,
				2,
				0.2,
				-0.121,
				2,
				0.233,
				-0.15,
				2,
				0.267,
				-0.175,
				2,
				0.3,
				-0.195,
				2,
				0.333,
				-0.209,
				2,
				0.367,
				-0.214,
				2,
				0.4,
				-0.203,
				2,
				0.433,
				-0.173,
				2,
				0.467,
				-0.125,
				2,
				0.5,
				-0.063,
				2,
				0.533,
				0.01,
				2,
				0.567,
				0.094,
				2,
				0.6,
				0.184,
				2,
				0.633,
				0.277,
				2,
				0.667,
				0.371,
				2,
				0.7,
				0.464,
				2,
				0.733,
				0.554,
				2,
				0.767,
				0.638,
				2,
				0.8,
				0.711,
				2,
				0.833,
				0.773,
				2,
				0.867,
				0.821,
				2,
				0.9,
				0.851,
				2,
				0.933,
				0.862,
				2,
				1.067,
				0.862,
				2,
				1.1,
				0.862,
				2,
				1.3,
				0.862,
				2,
				1.333,
				0.862,
				2,
				1.367,
				0.862,
				2,
				1.4,
				0.862,
				2,
				1.967,
				0.862
			]
		},
		{
			"Target": "Parameter",
			"Id": "Param90",
			"Segments": [
				0,
				0,
				2,
				0.033,
				0.004,
				2,
				0.067,
				0.013,
				2,
				0.1,
				0.028,
				2,
				0.133,
				0.045,
				2,
				0.167,
				0.065,
				2,
				0.2,
				0.085,
				2,
				0.233,
				0.105,
				2,
				0.267,
				0.122,
				2,
				0.3,
				0.137,
				2,
				0.333,
				0.146,
				2,
				0.367,
				0.15,
				2,
				0.4,
				0.144,
				2,
				0.433,
				0.128,
				2,
				0.467,
				0.102,
				2,
				0.5,
				0.068,
				2,
				0.533,
				0.028,
				2,
				0.567,
				-0.018,
				2,
				0.6,
				-0.067,
				2,
				0.633,
				-0.117,
				2,
				0.667,
				-0.169,
				2,
				0.7,
				-0.219,
				2,
				0.733,
				-0.268,
				2,
				0.767,
				-0.314,
				2,
				0.8,
				-0.354,
				2,
				0.833,
				-0.388,
				2,
				0.867,
				-0.414,
				2,
				0.9,
				-0.43,
				2,
				0.933,
				-0.436,
				2,
				0.967,
				-0.436,
				2,
				1,
				-0.436,
				2,
				1.133,
				-0.436,
				2,
				1.167,
				-0.436,
				2,
				1.333,
				-0.436,
				2,
				1.367,
				-0.436,
				2,
				1.967,
				-0.436
			]
		},
		{
			"Target": "Parameter",
			"Id": "Param91",
			"Segments": [
				0,
				0,
				2,
				0.033,
				-0.005,
				2,
				0.067,
				-0.017,
				2,
				0.1,
				-0.037,
				2,
				0.133,
				-0.06,
				2,
				0.167,
				-0.087,
				2,
				0.2,
				-0.113,
				2,
				0.233,
				-0.14,
				2,
				0.267,
				-0.163,
				2,
				0.3,
				-0.183,
				2,
				0.333,
				-0.195,
				2,
				0.367,
				-0.2,
				2,
				0.4,
				-0.192,
				2,
				0.433,
				-0.17,
				2,
				0.467,
				-0.134,
				2,
				0.5,
				-0.088,
				2,
				0.533,
				-0.033,
				2,
				0.567,
				0.029,
				2,
				0.6,
				0.096,
				2,
				0.633,
				0.165,
				2,
				0.667,
				0.235,
				2,
				0.7,
				0.304,
				2,
				0.733,
				0.371,
				2,
				0.767,
				0.433,
				2,
				0.8,
				0.488,
				2,
				0.833,
				0.534,
				2,
				0.867,
				0.57,
				2,
				0.9,
				0.592,
				2,
				0.933,
				0.6,
				2,
				1,
				0.6,
				2,
				1.033,
				0.6,
				2,
				1.167,
				0.6,
				2,
				1.2,
				0.6,
				2,
				1.233,
				0.6,
				2,
				1.367,
				0.6,
				2,
				1.4,
				0.6,
				2,
				1.967,
				0.6
			]
		},
		{
			"Target": "Parameter",
			"Id": "Param67",
			"Segments": [
				0,
				0,
				2,
				1.967,
				0
			]
		},
		{
			"Target": "Parameter",
			"Id": "Param68",
			"Segments": [
				0,
				0,
				2,
				1.967,
				0
			]
		},
		{
			"Target": "Parameter",
			"Id": "Param69",
			"Segments": [
				0,
				0,
				2,
				1.967,
				0
			]
		},
		{
			"Target": "Parameter",
			"Id": "Param70",
			"Segments": [
				0,
				0,
				2,
				1.967,
				0
			]
		},
		{
			"Target": "Parameter",
			"Id": "Param71",
			"Segments": [
				0,
				0,
				2,
				1.967,
				0
			]
		},
		{
			"Target": "Parameter",
			"Id": "Param72",
			"Segments": [
				0,
				0,
				2,
				1.967,
				0
			]
		},
		{
			"Target": "Parameter",
			"Id": "Param73",
			"Segments": [
				0,
				0,
				2,
				1.967,
				0
			]
		},
		{
			"Target": "Parameter",
			"Id": "Param74",
			"Segments": [
				0,
				0,
				2,
				1.967,
				0
			]
		},
		{
			"Target": "Parameter",
			"Id": "Param75",
			"Segments": [
				0,
				0,
				2,
				1.967,
				0
			]
		},
		{
			"Target": "Parameter",
			"Id": "Param59",
			"Segments": [
				0,
				0,
				2,
				1.967,
				0
			]
		},
		{
			"Target": "Parameter",
			"Id": "Param60",
			"Segments": [
				0,
				0,
				2,
				1.967,
				0
			]
		},
		{
			"Target": "Parameter",
			"Id": "Param61",
			"Segments": [
				0,
				0,
				2,
				1.967,
				0
			]
		},
		{
			"Target": "Parameter",
			"Id": "Param62",
			"Segments": [
				0,
				0,
				2,
				1.967,
				0
			]
		},
		{
			"Target": "Parameter",
			"Id": "Param63",
			"Segments": [
				0,
				0,
				2,
				1.967,
				0
			]
		},
		{
			"Target": "Parameter",
			"Id": "Param64",
			"Segments": [
				0,
				0,
				2,
				1.967,
				0
			]
		},
		{
			"Target": "Parameter",
			"Id": "Param65",
			"Segments": [
				0,
				0,
				2,
				1.967,
				0
			]
		},
		{
			"Target": "Parameter",
			"Id": "Param66",
			"Segments": [
				0,
				0,
				2,
				1.967,
				0
			]
		},
		{
			"Target": "Parameter",
			"Id": "Param49",
			"Segments": [
				0,
				0,
				2,
				1.967,
				0
			]
		},
		{
			"Target": "Parameter",
			"Id": "Param50",
			"Segments": [
				0,
				0,
				2,
				1.967,
				0
			]
		},
		{
			"Target": "Parameter",
			"Id": "Param51",
			"Segments": [
				0,
				0,
				2,
				1.967,
				0
			]
		},
		{
			"Target": "Parameter",
			"Id": "Param52",
			"Segments": [
				0,
				0,
				2,
				1.967,
				0
			]
		},
		{
			"Target": "Parameter",
			"Id": "Param53",
			"Segments": [
				0,
				0,
				2,
				1.967,
				0
			]
		},
		{
			"Target": "Parameter",
			"Id": "Param54",
			"Segments": [
				0,
				0,
				2,
				1.967,
				0
			]
		},
		{
			"Target": "Parameter",
			"Id": "Param55",
			"Segments": [
				0,
				0,
				2,
				1.967,
				0
			]
		},
		{
			"Target": "Parameter",
			"Id": "Param56",
			"Segments": [
				0,
				0,
				2,
				1.967,
				0
			]
		},
		{
			"Target": "Parameter",
			"Id": "Param57",
			"Segments": [
				0,
				0,
				2,
				1.967,
				0
			]
		},
		{
			"Target": "Parameter",
			"Id": "Param58",
			"Segments": [
				0,
				0,
				2,
				1.967,
				0
			]
		},
		{
			"Target": "Parameter",
			"Id": "Param43",
			"Segments": [
				0,
				0,
				2,
				1.967,
				0
			]
		},
		{
			"Target": "Parameter",
			"Id": "Param44",
			"Segments": [
				0,
				0,
				2,
				1.967,
				0
			]
		},
		{
			"Target": "Parameter",
			"Id": "Param45",
			"Segments": [
				0,
				0,
				2,
				1.967,
				0
			]
		},
		{
			"Target": "Parameter",
			"Id": "Param46",
			"Segments": [
				0,
				0,
				2,
				1.967,
				0
			]
		},
		{
			"Target": "Parameter",
			"Id": "Param47",
			"Segments": [
				0,
				0,
				2,
				1.967,
				0
			]
		},
		{
			"Target": "Parameter",
			"Id": "Param48",
			"Segments": [
				0,
				0,
				2,
				1.967,
				0
			]
		},
		{
			"Target": "Parameter",
			"Id": "Param35",
			"Segments": [
				0,
				0,
				2,
				1.967,
				0
			]
		},
		{
			"Target": "Parameter",
			"Id": "Param36",
			"Segments": [
				0,
				0,
				2,
				1.967,
				0
			]
		},
		{
			"Target": "Parameter",
			"Id": "Param37",
			"Segments": [
				0,
				0,
				2,
				1.967,
				0
			]
		},
		{
			"Target": "Parameter",
			"Id": "Param38",
			"Segments": [
				0,
				0,
				2,
				1.967,
				0
			]
		},
		{
			"Target": "Parameter",
			"Id": "Param39",
			"Segments": [
				0,
				0,
				2,
				1.967,
				0
			]
		},
		{
			"Target": "Parameter",
			"Id": "Param40",
			"Segments": [
				0,
				0,
				2,
				1.967,
				0
			]
		},
		{
			"Target": "Parameter",
			"Id": "Param41",
			"Segments": [
				0,
				0,
				2,
				1.967,
				0
			]
		},
		{
			"Target": "Parameter",
			"Id": "Param42",
			"Segments": [
				0,
				0,
				2,
				1.967,
				0
			]
		},
		{
			"Target": "Parameter",
			"Id": "Param29",
			"Segments": [
				0,
				0,
				2,
				1.967,
				0
			]
		},
		{
			"Target": "Parameter",
			"Id": "Param30",
			"Segments": [
				0,
				0,
				2,
				1.967,
				0
			]
		},
		{
			"Target": "Parameter",
			"Id": "Param31",
			"Segments": [
				0,
				0,
				2,
				1.967,
				0
			]
		},
		{
			"Target": "Parameter",
			"Id": "Param32",
			"Segments": [
				0,
				0,
				2,
				1.967,
				0
			]
		},
		{
			"Target": "Parameter",
			"Id": "Param33",
			"Segments": [
				0,
				0,
				2,
				1.967,
				0
			]
		},
		{
			"Target": "Parameter",
			"Id": "Param34",
			"Segments": [
				0,
				0,
				2,
				1.967,
				0
			]
		},
		{
			"Target": "Parameter",
			"Id": "Param13",
			"Segments": [
				0,
				0,
				2,
				1.967,
				0
			]
		},
		{
			"Target": "Parameter",
			"Id": "Param14",
			"Segments": [
				0,
				0,
				2,
				1.967,
				0
			]
		},
		{
			"Target": "Parameter",
			"Id": "Param16",
			"Segments": [
				0,
				0,
				2,
				1.967,
				0
			]
		},
		{
			"Target": "Parameter",
			"Id": "Param20",
			"Segments": [
				0,
				0,
				2,
				1.967,
				0
			]
		},
		{
			"Target": "Parameter",
			"Id": "Param27",
			"Segments": [
				0,
				0,
				2,
				1.967,
				0
			]
		},
		{
			"Target": "Parameter",
			"Id": "Param28",
			"Segments": [
				0,
				0,
				2,
				1.967,
				0
			]
		},
		{
			"Target": "Parameter",
			"Id": "Param112",
			"Segments": [
				0,
				18,
				2,
				0.033,
				17.97,
				2,
				0.067,
				17.865,
				2,
				0.1,
				17.661,
				2,
				0.133,
				17.336,
				2,
				0.167,
				16.877,
				2,
				0.2,
				16.245,
				2,
				0.233,
				15.423,
				2,
				0.267,
				14.389,
				2,
				0.3,
				13.12,
				2,
				0.333,
				11.746,
				2,
				0.367,
				10.409,
				2,
				0.4,
				9.102,
				2,
				0.433,
				7.886,
				2,
				0.467,
				6.706,
				2,
				0.5,
				5.621,
				2,
				0.533,
				4.625,
				2,
				0.567,
				3.727,
				2,
				0.6,
				2.939,
				2,
				0.633,
				2.262,
				2,
				0.667,
				1.732,
				2,
				0.7,
				1.329,
				2,
				0.733,
				1.084,
				2,
				0.767,
				1,
				2,
				0.8,
				1.213,
				2,
				0.833,
				1.783,
				2,
				0.867,
				2.608,
				2,
				0.9,
				3.585,
				2,
				0.933,
				4.595,
				2,
				0.967,
				5.572,
				2,
				1,
				6.397,
				2,
				1.033,
				6.967,
				2,
				1.067,
				7.18,
				2,
				1.1,
				7.121,
				2,
				1.133,
				6.978,
				2,
				1.167,
				6.788,
				2,
				1.2,
				6.599,
				2,
				1.233,
				6.456,
				2,
				1.267,
				6.397,
				2,
				1.3,
				6.426,
				2,
				1.333,
				6.498,
				2,
				1.367,
				6.592,
				2,
				1.4,
				6.687,
				2,
				1.433,
				6.759,
				2,
				1.467,
				6.788,
				2,
				1.967,
				6.788
			]
		},
		{
			"Target": "Parameter",
			"Id": "Param113",
			"Segments": [
				0,
				6.9,
				2,
				0.067,
				6.943,
				2,
				0.1,
				7.06,
				2,
				0.133,
				7.228,
				2,
				0.167,
				7.427,
				2,
				0.2,
				7.633,
				2,
				0.233,
				7.832,
				2,
				0.267,
				8,
				2,
				0.3,
				8.117,
				2,
				0.333,
				8.16,
				2,
				0.367,
				7.933,
				2,
				0.4,
				7.298,
				2,
				0.433,
				6.307,
				2,
				0.467,
				5.074,
				2,
				0.5,
				3.6,
				2,
				0.533,
				2.009,
				2,
				0.567,
				0.35,
				2,
				0.6,
				-1.309,
				2,
				0.633,
				-2.9,
				2,
				0.667,
				-4.374,
				2,
				0.7,
				-5.607,
				2,
				0.733,
				-6.598,
				2,
				0.767,
				-7.233,
				2,
				0.8,
				-7.46,
				2,
				0.833,
				-7.22,
				2,
				0.867,
				-6.579,
				2,
				0.9,
				-5.65,
				2,
				0.933,
				-4.549,
				2,
				0.967,
				-3.411,
				2,
				1,
				-2.31,
				2,
				1.033,
				-1.381,
				2,
				1.067,
				-0.74,
				2,
				1.1,
				-0.5,
				2,
				1.133,
				-0.566,
				2,
				1.167,
				-0.727,
				2,
				1.2,
				-0.941,
				2,
				1.233,
				-1.154,
				2,
				1.267,
				-1.315,
				2,
				1.3,
				-1.381,
				2,
				1.333,
				-1.36,
				2,
				1.367,
				-1.301,
				2,
				1.4,
				-1.21,
				2,
				1.433,
				-1.099,
				2,
				1.467,
				-0.973,
				2,
				1.5,
				-0.94,
				2,
				1.967,
				-0.94
			]
		},
		{
			"Target": "Parameter",
			"Id": "Param114",
			"Segments": [
				0,
				-18,
				2,
				0.1,
				-18.081,
				2,
				0.133,
				-18.296,
				2,
				0.167,
				-18.609,
				2,
				0.2,
				-18.979,
				2,
				0.233,
				-19.361,
				2,
				0.267,
				-19.731,
				2,
				0.3,
				-20.044,
				2,
				0.333,
				-20.259,
				2,
				0.367,
				-20.34,
				2,
				0.4,
				-19.956,
				2,
				0.433,
				-18.875,
				2,
				0.467,
				-17.176,
				2,
				0.5,
				-15.044,
				2,
				0.533,
				-12.469,
				2,
				0.567,
				-9.654,
				2,
				0.6,
				-6.672,
				2,
				0.633,
				-3.629,
				2,
				0.667,
				-0.631,
				2,
				0.7,
				2.255,
				2,
				0.733,
				4.809,
				2,
				0.767,
				7.066,
				2,
				0.8,
				8.821,
				2,
				0.833,
				10,
				2,
				0.867,
				10.812,
				2,
				0.9,
				11.527,
				2,
				0.933,
				12.147,
				2,
				0.967,
				12.672,
				2,
				1,
				13.096,
				2,
				1.033,
				13.435,
				2,
				1.067,
				13.682,
				2,
				1.1,
				13.836,
				2,
				1.133,
				13.9,
				2,
				1.167,
				13.916,
				2,
				1.2,
				13.926,
				2,
				1.233,
				13.934,
				2,
				1.267,
				13.938,
				2,
				1.3,
				13.942,
				2,
				1.333,
				13.945,
				2,
				1.367,
				13.948,
				2,
				1.4,
				13.949,
				2,
				1.433,
				13.949,
				2,
				1.467,
				13.949,
				2,
				1.967,
				13.949
			]
		},
		{
			"Target": "Parameter",
			"Id": "Param115",
			"Segments": [
				0,
				8,
				2,
				0.133,
				8.112,
				2,
				0.167,
				8.41,
				2,
				0.2,
				8.843,
				2,
				0.233,
				9.355,
				2,
				0.267,
				9.885,
				2,
				0.3,
				10.397,
				2,
				0.333,
				10.83,
				2,
				0.367,
				11.128,
				2,
				0.4,
				11.24,
				2,
				0.433,
				10.905,
				2,
				0.467,
				9.965,
				2,
				0.5,
				8.499,
				2,
				0.533,
				6.676,
				2,
				0.567,
				4.496,
				2,
				0.6,
				2.143,
				2,
				0.633,
				-0.31,
				2,
				0.667,
				-2.763,
				2,
				0.7,
				-5.116,
				2,
				0.733,
				-7.296,
				2,
				0.767,
				-9.119,
				2,
				0.8,
				-10.585,
				2,
				0.833,
				-11.525,
				2,
				0.867,
				-11.86,
				2,
				0.9,
				-10.419,
				2,
				0.933,
				-6.558,
				2,
				0.967,
				-0.971,
				2,
				1,
				5.65,
				2,
				1.033,
				12.49,
				2,
				1.067,
				19.111,
				2,
				1.1,
				24.698,
				2,
				1.133,
				28.559,
				2,
				1.167,
				30,
				2,
				1.2,
				28.403,
				2,
				1.233,
				24.528,
				2,
				1.267,
				19.375,
				2,
				1.3,
				14.222,
				2,
				1.333,
				10.347,
				2,
				1.367,
				8.75,
				2,
				1.4,
				8.856,
				2,
				1.433,
				9.162,
				2,
				1.467,
				9.685,
				2,
				1.5,
				10.208,
				2,
				1.533,
				10.514,
				2,
				1.567,
				10.62,
				2,
				1.967,
				10.62
			]
		},
		{
			"Target": "Parameter",
			"Id": "Param116",
			"Segments": [
				0,
				8,
				2,
				0.167,
				8.101,
				2,
				0.2,
				8.372,
				2,
				0.233,
				8.765,
				2,
				0.267,
				9.23,
				2,
				0.3,
				9.71,
				2,
				0.333,
				10.175,
				2,
				0.367,
				10.568,
				2,
				0.4,
				10.839,
				2,
				0.433,
				10.94,
				2,
				0.467,
				10.659,
				2,
				0.5,
				9.874,
				2,
				0.533,
				8.648,
				2,
				0.567,
				7.123,
				2,
				0.6,
				5.3,
				2,
				0.633,
				3.332,
				2,
				0.667,
				1.28,
				2,
				0.7,
				-0.772,
				2,
				0.733,
				-2.74,
				2,
				0.767,
				-4.563,
				2,
				0.8,
				-6.088,
				2,
				0.833,
				-7.314,
				2,
				0.867,
				-8.099,
				2,
				0.9,
				-8.38,
				2,
				0.933,
				-7.236,
				2,
				0.967,
				-4.173,
				2,
				1,
				0.261,
				2,
				1.033,
				5.516,
				2,
				1.067,
				10.944,
				2,
				1.1,
				16.199,
				2,
				1.133,
				20.633,
				2,
				1.167,
				23.696,
				2,
				1.2,
				24.84,
				2,
				1.233,
				23.81,
				2,
				1.267,
				21.312,
				2,
				1.3,
				17.99,
				2,
				1.333,
				14.668,
				2,
				1.367,
				12.17,
				2,
				1.4,
				11.14,
				2,
				1.433,
				11.225,
				2,
				1.467,
				11.596,
				2,
				1.5,
				12.123,
				2,
				1.533,
				12.539,
				2,
				1.567,
				12.812,
				2,
				1.6,
				12.91,
				2,
				1.967,
				12.91
			]
		},
		{
			"Target": "Parameter",
			"Id": "Param117",
			"Segments": [
				0,
				18,
				2,
				0.2,
				18.167,
				2,
				0.233,
				18.616,
				2,
				0.267,
				19.264,
				2,
				0.3,
				20.033,
				2,
				0.333,
				20.827,
				2,
				0.367,
				21.596,
				2,
				0.4,
				22.244,
				2,
				0.433,
				22.693,
				2,
				0.467,
				22.86,
				2,
				0.5,
				22.341,
				2,
				0.533,
				20.886,
				2,
				0.567,
				18.617,
				2,
				0.6,
				15.795,
				2,
				0.633,
				12.421,
				2,
				0.667,
				8.778,
				2,
				0.7,
				4.98,
				2,
				0.733,
				1.182,
				2,
				0.767,
				-2.461,
				2,
				0.8,
				-5.835,
				2,
				0.833,
				-8.657,
				2,
				0.867,
				-10.926,
				2,
				0.9,
				-12.381,
				2,
				0.933,
				-12.9,
				2,
				0.967,
				-11.867,
				2,
				1,
				-9.1,
				2,
				1.033,
				-5.096,
				2,
				1.067,
				-0.351,
				2,
				1.1,
				4.551,
				2,
				1.133,
				9.296,
				2,
				1.167,
				13.3,
				2,
				1.2,
				16.067,
				2,
				1.233,
				17.1,
				2,
				1.267,
				16.452,
				2,
				1.3,
				14.88,
				2,
				1.333,
				12.79,
				2,
				1.367,
				10.7,
				2,
				1.4,
				9.128,
				2,
				1.433,
				8.48,
				2,
				1.467,
				8.626,
				2,
				1.5,
				9.176,
				2,
				1.533,
				9.666,
				2,
				1.567,
				10.066,
				2,
				1.6,
				10.326,
				2,
				1.633,
				10.42,
				2,
				1.967,
				10.42
			]
		},
		{
			"Target": "Parameter",
			"Id": "Param118",
			"Segments": [
				0,
				19,
				2,
				0.233,
				19.116,
				2,
				0.267,
				19.426,
				2,
				0.3,
				19.874,
				2,
				0.333,
				20.405,
				2,
				0.367,
				20.955,
				2,
				0.4,
				21.486,
				2,
				0.433,
				21.934,
				2,
				0.467,
				22.244,
				2,
				0.5,
				22.36,
				2,
				0.533,
				21.979,
				2,
				0.567,
				20.913,
				2,
				0.6,
				19.249,
				2,
				0.633,
				17.18,
				2,
				0.667,
				14.706,
				2,
				0.7,
				12.035,
				2,
				0.733,
				9.25,
				2,
				0.767,
				6.465,
				2,
				0.8,
				3.794,
				2,
				0.833,
				1.32,
				2,
				0.867,
				-0.749,
				2,
				0.9,
				-2.413,
				2,
				0.933,
				-3.479,
				2,
				0.967,
				-3.86,
				2,
				1,
				-2.738,
				2,
				1.033,
				0.269,
				2,
				1.067,
				4.62,
				2,
				1.1,
				9.776,
				2,
				1.133,
				15.104,
				2,
				1.167,
				20.26,
				2,
				1.2,
				24.611,
				2,
				1.233,
				27.618,
				2,
				1.267,
				28.74,
				2,
				1.3,
				27.672,
				2,
				1.333,
				25.081,
				2,
				1.367,
				21.635,
				2,
				1.4,
				18.189,
				2,
				1.433,
				15.598,
				2,
				1.467,
				14.53,
				2,
				1.5,
				14.656,
				2,
				1.533,
				14.96,
				2,
				1.567,
				15.365,
				2,
				1.6,
				15.77,
				2,
				1.633,
				16.074,
				2,
				1.667,
				16.2,
				2,
				1.967,
				16.2
			]
		},
		{
			"Target": "Parameter",
			"Id": "Param119",
			"Segments": [
				0,
				-13,
				2,
				0.3,
				-13.097,
				2,
				0.333,
				-13.357,
				2,
				0.367,
				-13.734,
				2,
				0.4,
				-14.18,
				2,
				0.433,
				-14.64,
				2,
				0.467,
				-15.086,
				2,
				0.5,
				-15.463,
				2,
				0.533,
				-15.723,
				2,
				0.567,
				-15.82,
				2,
				0.6,
				-15.381,
				2,
				0.633,
				-14.151,
				2,
				0.667,
				-12.232,
				2,
				0.7,
				-9.846,
				2,
				0.733,
				-6.992,
				2,
				0.767,
				-3.912,
				2,
				0.8,
				-0.7,
				2,
				0.833,
				2.512,
				2,
				0.867,
				5.592,
				2,
				0.9,
				8.446,
				2,
				0.933,
				10.832,
				2,
				0.967,
				12.751,
				2,
				1,
				13.981,
				2,
				1.033,
				14.42,
				2,
				1.067,
				14.334,
				2,
				1.1,
				14.072,
				2,
				1.133,
				13.628,
				2,
				1.167,
				12.996,
				2,
				1.2,
				12.188,
				2,
				1.233,
				11.168,
				2,
				1.267,
				9.944,
				2,
				1.3,
				8.51,
				2,
				1.333,
				6.86,
				2,
				1.367,
				4.962,
				2,
				1.4,
				2.902,
				2,
				1.433,
				0.859,
				2,
				1.467,
				-0.985,
				2,
				1.5,
				-2.581,
				2,
				1.533,
				-3.65,
				2,
				1.567,
				-4.213,
				2,
				1.6,
				-4.631,
				2,
				1.633,
				-4.938,
				2,
				1.667,
				-5.139,
				2,
				1.7,
				-5.246,
				2,
				1.733,
				-5.28,
				2,
				1.967,
				-5.28
			]
		},
		{
			"Target": "Parameter",
			"Id": "Param125",
			"Segments": [
				0,
				-1,
				2,
				0.033,
				-0.994,
				2,
				0.067,
				-0.975,
				2,
				0.1,
				-0.944,
				2,
				0.133,
				-0.902,
				2,
				0.167,
				-0.848,
				2,
				0.2,
				-0.782,
				2,
				0.233,
				-0.705,
				2,
				0.267,
				-0.617,
				2,
				0.3,
				-0.518,
				2,
				0.333,
				-0.418,
				2,
				0.367,
				-0.325,
				2,
				0.4,
				-0.239,
				2,
				0.433,
				-0.163,
				2,
				0.467,
				-0.093,
				2,
				0.5,
				-0.031,
				2,
				0.533,
				0.024,
				2,
				0.567,
				0.071,
				2,
				0.6,
				0.11,
				2,
				0.633,
				0.143,
				2,
				0.667,
				0.168,
				2,
				0.7,
				0.186,
				2,
				0.733,
				0.196,
				2,
				0.767,
				0.2,
				2,
				0.8,
				0.193,
				2,
				0.833,
				0.175,
				2,
				0.867,
				0.15,
				2,
				0.9,
				0.119,
				2,
				0.933,
				0.087,
				2,
				0.967,
				0.056,
				2,
				1,
				0.031,
				2,
				1.033,
				0.013,
				2,
				1.067,
				0.006,
				2,
				1.1,
				0.008,
				2,
				1.133,
				0.012,
				2,
				1.167,
				0.018,
				2,
				1.2,
				0.025,
				2,
				1.233,
				0.029,
				2,
				1.267,
				0.031,
				2,
				1.3,
				0.03,
				2,
				1.333,
				0.028,
				2,
				1.367,
				0.024,
				2,
				1.4,
				0.021,
				2,
				1.433,
				0.019,
				2,
				1.467,
				0.018,
				2,
				1.967,
				0.018
			]
		},
		{
			"Target": "Parameter",
			"Id": "Param126",
			"Segments": [
				0,
				-0.4,
				2,
				0.067,
				-0.402,
				2,
				0.1,
				-0.409,
				2,
				0.133,
				-0.418,
				2,
				0.167,
				-0.428,
				2,
				0.2,
				-0.44,
				2,
				0.233,
				-0.45,
				2,
				0.267,
				-0.459,
				2,
				0.3,
				-0.466,
				2,
				0.333,
				-0.468,
				2,
				0.367,
				-0.458,
				2,
				0.4,
				-0.431,
				2,
				0.433,
				-0.389,
				2,
				0.467,
				-0.337,
				2,
				0.5,
				-0.275,
				2,
				0.533,
				-0.207,
				2,
				0.567,
				-0.137,
				2,
				0.6,
				-0.067,
				2,
				0.633,
				0.001,
				2,
				0.667,
				0.063,
				2,
				0.7,
				0.115,
				2,
				0.733,
				0.157,
				2,
				0.767,
				0.184,
				2,
				0.8,
				0.194,
				2,
				0.833,
				0.185,
				2,
				0.867,
				0.163,
				2,
				0.9,
				0.129,
				2,
				0.933,
				0.09,
				2,
				0.967,
				0.05,
				2,
				1,
				0.011,
				2,
				1.033,
				-0.023,
				2,
				1.067,
				-0.045,
				2,
				1.1,
				-0.054,
				2,
				1.133,
				-0.052,
				2,
				1.167,
				-0.046,
				2,
				1.2,
				-0.039,
				2,
				1.233,
				-0.031,
				2,
				1.267,
				-0.025,
				2,
				1.3,
				-0.023,
				2,
				1.333,
				-0.024,
				2,
				1.367,
				-0.026,
				2,
				1.4,
				-0.03,
				2,
				1.433,
				-0.034,
				2,
				1.467,
				-0.038,
				2,
				1.5,
				-0.039,
				2,
				1.967,
				-0.039
			]
		},
		{
			"Target": "Parameter",
			"Id": "Param127",
			"Segments": [
				0,
				0.4,
				2,
				0.1,
				0.405,
				2,
				0.133,
				0.417,
				2,
				0.167,
				0.435,
				2,
				0.2,
				0.456,
				2,
				0.233,
				0.478,
				2,
				0.267,
				0.499,
				2,
				0.3,
				0.517,
				2,
				0.333,
				0.529,
				2,
				0.367,
				0.534,
				2,
				0.4,
				0.533,
				2,
				0.433,
				0.529,
				2,
				0.467,
				0.522,
				2,
				0.5,
				0.512,
				2,
				0.533,
				0.497,
				2,
				0.567,
				0.479,
				2,
				0.6,
				0.455,
				2,
				0.633,
				0.427,
				2,
				0.667,
				0.394,
				2,
				0.7,
				0.354,
				2,
				0.733,
				0.309,
				2,
				0.767,
				0.256,
				2,
				0.8,
				0.197,
				2,
				0.833,
				0.13,
				2,
				0.867,
				0.058,
				2,
				0.9,
				-0.017,
				2,
				0.933,
				-0.09,
				2,
				0.967,
				-0.159,
				2,
				1,
				-0.221,
				2,
				1.033,
				-0.275,
				2,
				1.067,
				-0.317,
				2,
				1.1,
				-0.344,
				2,
				1.133,
				-0.354,
				2,
				1.167,
				-0.351,
				2,
				1.2,
				-0.344,
				2,
				1.233,
				-0.336,
				2,
				1.267,
				-0.327,
				2,
				1.3,
				-0.32,
				2,
				1.333,
				-0.317,
				2,
				1.367,
				-0.318,
				2,
				1.4,
				-0.321,
				2,
				1.433,
				-0.325,
				2,
				1.467,
				-0.331,
				2,
				1.5,
				-0.335,
				2,
				1.533,
				-0.336,
				2,
				1.967,
				-0.336
			]
		},
		{
			"Target": "Parameter",
			"Id": "Param128",
			"Segments": [
				0,
				-0.7,
				2,
				0.133,
				-0.707,
				2,
				0.167,
				-0.725,
				2,
				0.2,
				-0.752,
				2,
				0.233,
				-0.784,
				2,
				0.267,
				-0.816,
				2,
				0.3,
				-0.848,
				2,
				0.333,
				-0.875,
				2,
				0.367,
				-0.893,
				2,
				0.4,
				-0.9,
				2,
				0.433,
				-0.885,
				2,
				0.467,
				-0.845,
				2,
				0.5,
				-0.781,
				2,
				0.533,
				-0.702,
				2,
				0.567,
				-0.608,
				2,
				0.6,
				-0.506,
				2,
				0.633,
				-0.4,
				2,
				0.667,
				-0.294,
				2,
				0.7,
				-0.192,
				2,
				0.733,
				-0.098,
				2,
				0.767,
				-0.019,
				2,
				0.8,
				0.045,
				2,
				0.833,
				0.085,
				2,
				0.867,
				0.1,
				2,
				0.9,
				0.096,
				2,
				0.933,
				0.085,
				2,
				0.967,
				0.069,
				2,
				1,
				0.05,
				2,
				1.033,
				0.03,
				2,
				1.067,
				0.011,
				2,
				1.1,
				-0.005,
				2,
				1.133,
				-0.016,
				2,
				1.167,
				-0.02,
				2,
				1.2,
				-0.018,
				2,
				1.233,
				-0.012,
				2,
				1.267,
				-0.005,
				2,
				1.3,
				0.002,
				2,
				1.333,
				0.008,
				2,
				1.367,
				0.01,
				2,
				1.4,
				0.009,
				2,
				1.433,
				0.008,
				2,
				1.467,
				0.005,
				2,
				1.5,
				0.002,
				2,
				1.533,
				0.001,
				2,
				1.567,
				0,
				2,
				1.967,
				0
			]
		},
		{
			"Target": "Parameter",
			"Id": "Param129",
			"Segments": [
				0,
				-0.5,
				2,
				0.167,
				-0.517,
				2,
				0.2,
				-0.563,
				2,
				0.233,
				-0.63,
				2,
				0.267,
				-0.709,
				2,
				0.3,
				-0.791,
				2,
				0.333,
				-0.87,
				2,
				0.367,
				-0.937,
				2,
				0.4,
				-0.983,
				2,
				0.433,
				-1,
				2,
				0.467,
				-0.985,
				2,
				0.5,
				-0.945,
				2,
				0.533,
				-0.881,
				2,
				0.567,
				-0.802,
				2,
				0.6,
				-0.708,
				2,
				0.633,
				-0.606,
				2,
				0.667,
				-0.5,
				2,
				0.7,
				-0.394,
				2,
				0.733,
				-0.292,
				2,
				0.767,
				-0.198,
				2,
				0.8,
				-0.119,
				2,
				0.833,
				-0.055,
				2,
				0.867,
				-0.015,
				2,
				0.9,
				0,
				2,
				0.933,
				-0.004,
				2,
				0.967,
				-0.015,
				2,
				1,
				-0.031,
				2,
				1.033,
				-0.05,
				2,
				1.067,
				-0.07,
				2,
				1.1,
				-0.089,
				2,
				1.133,
				-0.105,
				2,
				1.167,
				-0.116,
				2,
				1.2,
				-0.12,
				2,
				1.233,
				-0.118,
				2,
				1.267,
				-0.112,
				2,
				1.3,
				-0.105,
				2,
				1.333,
				-0.098,
				2,
				1.367,
				-0.092,
				2,
				1.4,
				-0.09,
				2,
				1.433,
				-0.09,
				2,
				1.467,
				-0.092,
				2,
				1.5,
				-0.094,
				2,
				1.533,
				-0.096,
				2,
				1.567,
				-0.098,
				2,
				1.6,
				-0.098,
				2,
				1.967,
				-0.098
			]
		},
		{
			"Target": "Parameter",
			"Id": "Param130",
			"Segments": [
				0,
				-0.6,
				2,
				0.2,
				-0.614,
				2,
				0.233,
				-0.651,
				2,
				0.267,
				-0.704,
				2,
				0.3,
				-0.767,
				2,
				0.333,
				-0.833,
				2,
				0.367,
				-0.896,
				2,
				0.4,
				-0.949,
				2,
				0.433,
				-0.986,
				2,
				0.467,
				-1,
				2,
				0.5,
				-0.994,
				2,
				0.533,
				-0.978,
				2,
				0.567,
				-0.953,
				2,
				0.6,
				-0.921,
				2,
				0.633,
				-0.883,
				2,
				0.667,
				-0.842,
				2,
				0.7,
				-0.8,
				2,
				0.733,
				-0.758,
				2,
				0.767,
				-0.717,
				2,
				0.8,
				-0.679,
				2,
				0.833,
				-0.647,
				2,
				0.867,
				-0.622,
				2,
				0.9,
				-0.606,
				2,
				0.933,
				-0.6,
				2,
				0.967,
				-0.602,
				2,
				1,
				-0.606,
				2,
				1.033,
				-0.613,
				2,
				1.067,
				-0.621,
				2,
				1.1,
				-0.629,
				2,
				1.133,
				-0.637,
				2,
				1.167,
				-0.644,
				2,
				1.2,
				-0.648,
				2,
				1.233,
				-0.65,
				2,
				1.267,
				-0.649,
				2,
				1.3,
				-0.647,
				2,
				1.333,
				-0.645,
				2,
				1.367,
				-0.643,
				2,
				1.4,
				-0.641,
				2,
				1.433,
				-0.64,
				2,
				1.567,
				-0.64,
				2,
				1.6,
				-0.64,
				2,
				1.967,
				-0.64
			]
		},
		{
			"Target": "Parameter",
			"Id": "Param131",
			"Segments": [
				0,
				-0.8,
				2,
				0.233,
				-0.807,
				2,
				0.267,
				-0.825,
				2,
				0.3,
				-0.852,
				2,
				0.333,
				-0.884,
				2,
				0.367,
				-0.916,
				2,
				0.4,
				-0.948,
				2,
				0.433,
				-0.975,
				2,
				0.467,
				-0.993,
				2,
				0.5,
				-1,
				2,
				0.533,
				-0.985,
				2,
				0.567,
				-0.945,
				2,
				0.6,
				-0.881,
				2,
				0.633,
				-0.802,
				2,
				0.667,
				-0.708,
				2,
				0.7,
				-0.606,
				2,
				0.733,
				-0.5,
				2,
				0.767,
				-0.394,
				2,
				0.8,
				-0.292,
				2,
				0.833,
				-0.198,
				2,
				0.867,
				-0.119,
				2,
				0.9,
				-0.055,
				2,
				0.933,
				-0.015,
				2,
				0.967,
				0,
				2,
				1,
				-0.01,
				2,
				1.033,
				-0.037,
				2,
				1.067,
				-0.075,
				2,
				1.1,
				-0.121,
				2,
				1.133,
				-0.169,
				2,
				1.167,
				-0.215,
				2,
				1.2,
				-0.253,
				2,
				1.233,
				-0.28,
				2,
				1.267,
				-0.29,
				2,
				1.3,
				-0.285,
				2,
				1.333,
				-0.272,
				2,
				1.367,
				-0.255,
				2,
				1.4,
				-0.238,
				2,
				1.433,
				-0.225,
				2,
				1.467,
				-0.22,
				2,
				1.5,
				-0.224,
				2,
				1.533,
				-0.233,
				2,
				1.567,
				-0.245,
				2,
				1.6,
				-0.257,
				2,
				1.633,
				-0.266,
				2,
				1.667,
				-0.27,
				2,
				1.967,
				-0.27
			]
		},
		{
			"Target": "Parameter",
			"Id": "Param132",
			"Segments": [
				0,
				0,
				2,
				1.967,
				0
			]
		},
		{
			"Target": "Parameter",
			"Id": "ParamEyeLOpen",
			"Segments": [
				0,
				0,
				2,
				0.333,
				0.029,
				2,
				0.367,
				0.11,
				2,
				0.4,
				0.237,
				2,
				0.433,
				0.395,
				2,
				0.467,
				0.584,
				2,
				0.5,
				0.788,
				2,
				0.533,
				1,
				2,
				0.567,
				1.212,
				2,
				0.6,
				1.416,
				2,
				0.633,
				1.605,
				2,
				0.667,
				1.763,
				2,
				0.7,
				1.89,
				2,
				0.733,
				1.971,
				2,
				0.767,
				2,
				2,
				0.933,
				1.793,
				2,
				0.967,
				1.3,
				2,
				1,
				0.7,
				2,
				1.033,
				0.207,
				2,
				1.067,
				0,
				2,
				1.233,
				0.525,
				2,
				1.267,
				1.475,
				2,
				1.3,
				2,
				2,
				1.967,
				2
			]
		},
		{
			"Target": "Parameter",
			"Id": "ParamEyeLSmile",
			"Segments": [
				0,
				0,
				2,
				1.967,
				0
			]
		},
		{
			"Target": "Parameter",
			"Id": "ParamEyeROpen",
			"Segments": [
				0,
				0,
				2,
				0.333,
				0.029,
				2,
				0.367,
				0.11,
				2,
				0.4,
				0.237,
				2,
				0.433,
				0.395,
				2,
				0.467,
				0.584,
				2,
				0.5,
				0.788,
				2,
				0.533,
				1,
				2,
				0.567,
				1.212,
				2,
				0.6,
				1.416,
				2,
				0.633,
				1.605,
				2,
				0.667,
				1.763,
				2,
				0.7,
				1.89,
				2,
				0.733,
				1.971,
				2,
				0.767,
				2,
				2,
				1.967,
				2
			]
		},
		{
			"Target": "Parameter",
			"Id": "ParamEyeRSmile",
			"Segments": [
				0,
				0,
				2,
				1.967,
				0
			]
		},
		{
			"Target": "Parameter",
			"Id": "ParamEyeBallX",
			"Segments": [
				0,
				0,
				2,
				1.967,
				0
			]
		},
		{
			"Target": "Parameter",
			"Id": "ParamEyeBallY",
			"Segments": [
				0,
				0,
				2,
				1.967,
				0
			]
		},
		{
			"Target": "Parameter",
			"Id": "ParamBrowLY",
			"Segments": [
				0,
				0,
				2,
				1.967,
				0
			]
		},
		{
			"Target": "Parameter",
			"Id": "ParamBrowLAngle",
			"Segments": [
				0,
				0,
				2,
				1.967,
				0
			]
		},
		{
			"Target": "Parameter",
			"Id": "ParamBrowLForm",
			"Segments": [
				0,
				0,
				2,
				1.967,
				0
			]
		},
		{
			"Target": "Parameter",
			"Id": "Param",
			"Segments": [
				0,
				1,
				2,
				1.967,
				1
			]
		},
		{
			"Target": "Parameter",
			"Id": "Param2",
			"Segments": [
				0,
				0,
				2,
				1.967,
				0
			]
		},
		{
			"Target": "Parameter",
			"Id": "Param3",
			"Segments": [
				0,
				0,
				2,
				1.967,
				0
			]
		},
		{
			"Target": "Parameter",
			"Id": "ParamBrowRY",
			"Segments": [
				0,
				0.6,
				2,
				0.8,
				0.6,
				2,
				0.833,
				0.6,
				2,
				0.9,
				0.6,
				2,
				0.933,
				0.6,
				2,
				0.967,
				0.6,
				2,
				1,
				0.6,
				2,
				1.033,
				0.6,
				2,
				1.367,
				0.6,
				2,
				1.4,
				0.6,
				2,
				1.433,
				0.6,
				2,
				1.467,
				0.6,
				2,
				1.967,
				0.6
			]
		},
		{
			"Target": "Parameter",
			"Id": "ParamBrowRAngle",
			"Segments": [
				0,
				0,
				2,
				1.967,
				0
			]
		},
		{
			"Target": "Parameter",
			"Id": "ParamBrowRForm",
			"Segments": [
				0,
				0,
				2,
				1.967,
				0
			]
		},
		{
			"Target": "Parameter",
			"Id": "Param4",
			"Segments": [
				0,
				0.6,
				2,
				0.8,
				0.6,
				2,
				0.833,
				0.6,
				2,
				0.9,
				0.6,
				2,
				0.933,
				0.6,
				2,
				0.967,
				0.6,
				2,
				1,
				0.6,
				2,
				1.033,
				0.6,
				2,
				1.367,
				0.6,
				2,
				1.4,
				0.6,
				2,
				1.433,
				0.6,
				2,
				1.467,
				0.6,
				2,
				1.967,
				0.6
			]
		},
		{
			"Target": "Parameter",
			"Id": "Param5",
			"Segments": [
				0,
				0,
				2,
				1.967,
				0
			]
		},
		{
			"Target": "Parameter",
			"Id": "Param6",
			"Segments": [
				0,
				0,
				2,
				1.967,
				0
			]
		},
		{
			"Target": "Parameter",
			"Id": "ParamMouthForm",
			"Segments": [
				0,
				1,
				2,
				1.967,
				1
			]
		},
		{
			"Target": "Parameter",
			"Id": "ParamMouthOpenY",
			"Segments": [
				0,
				0,
				2,
				0.033,
				0.006,
				2,
				0.067,
				0.021,
				2,
				0.1,
				0.047,
				2,
				0.133,
				0.08,
				2,
				0.167,
				0.122,
				2,
				0.2,
				0.169,
				2,
				0.233,
				0.222,
				2,
				0.267,
				0.279,
				2,
				0.3,
				0.34,
				2,
				0.333,
				0.402,
				2,
				0.367,
				0.468,
				2,
				0.4,
				0.532,
				2,
				0.433,
				0.598,
				2,
				0.467,
				0.66,
				2,
				0.5,
				0.721,
				2,
				0.533,
				0.778,
				2,
				0.567,
				0.831,
				2,
				0.6,
				0.878,
				2,
				0.633,
				0.92,
				2,
				0.667,
				0.953,
				2,
				0.7,
				0.979,
				2,
				0.733,
				0.994,
				2,
				0.767,
				1,
				2,
				0.8,
				0.983,
				2,
				0.833,
				0.939,
				2,
				0.867,
				0.872,
				2,
				0.9,
				0.79,
				2,
				0.933,
				0.697,
				2,
				0.967,
				0.603,
				2,
				1,
				0.51,
				2,
				1.033,
				0.428,
				2,
				1.067,
				0.361,
				2,
				1.1,
				0.317,
				2,
				1.133,
				0.3,
				2,
				1.2,
				0.3,
				2,
				1.233,
				0.3,
				2,
				1.967,
				0.3
			]
		},
		{
			"Target": "Parameter",
			"Id": "Param120",
			"Segments": [
				0,
				0.8,
				2,
				0.033,
				0.797,
				2,
				0.067,
				0.787,
				2,
				0.1,
				0.772,
				2,
				0.133,
				0.752,
				2,
				0.167,
				0.727,
				2,
				0.2,
				0.699,
				2,
				0.233,
				0.667,
				2,
				0.267,
				0.633,
				2,
				0.3,
				0.596,
				2,
				0.333,
				0.559,
				2,
				0.367,
				0.519,
				2,
				0.4,
				0.481,
				2,
				0.433,
				0.441,
				2,
				0.467,
				0.404,
				2,
				0.5,
				0.367,
				2,
				0.533,
				0.333,
				2,
				0.567,
				0.301,
				2,
				0.6,
				0.273,
				2,
				0.633,
				0.248,
				2,
				0.667,
				0.228,
				2,
				0.7,
				0.213,
				2,
				0.733,
				0.203,
				2,
				0.767,
				0.2,
				2,
				0.8,
				0.2,
				2,
				0.833,
				0.2,
				2,
				1,
				0.2,
				2,
				1.033,
				0.2,
				2,
				1.967,
				0.2
			]
		},
		{
			"Target": "Parameter",
			"Id": "Param121",
			"Segments": [
				0,
				1,
				2,
				1.967,
				1
			]
		},
		{
			"Target": "Parameter",
			"Id": "Param122",
			"Segments": [
				0,
				0.5,
				2,
				0.033,
				0.497,
				2,
				0.067,
				0.489,
				2,
				0.1,
				0.477,
				2,
				0.133,
				0.46,
				2,
				0.167,
				0.439,
				2,
				0.2,
				0.416,
				2,
				0.233,
				0.389,
				2,
				0.267,
				0.361,
				2,
				0.3,
				0.33,
				2,
				0.333,
				0.299,
				2,
				0.367,
				0.266,
				2,
				0.4,
				0.234,
				2,
				0.433,
				0.201,
				2,
				0.467,
				0.17,
				2,
				0.5,
				0.139,
				2,
				0.533,
				0.111,
				2,
				0.567,
				0.084,
				2,
				0.6,
				0.061,
				2,
				0.633,
				0.04,
				2,
				0.667,
				0.023,
				2,
				0.7,
				0.011,
				2,
				0.733,
				0.003,
				2,
				0.767,
				0,
				2,
				1.967,
				0
			]
		},
		{
			"Target": "Parameter",
			"Id": "Param123",
			"Segments": [
				0,
				0,
				2,
				1.967,
				0
			]
		},
		{
			"Target": "Parameter",
			"Id": "Param124",
			"Segments": [
				0,
				0.8,
				2,
				0.033,
				0.796,
				2,
				0.067,
				0.783,
				2,
				0.1,
				0.762,
				2,
				0.133,
				0.736,
				2,
				0.167,
				0.703,
				2,
				0.2,
				0.665,
				2,
				0.233,
				0.622,
				2,
				0.267,
				0.577,
				2,
				0.3,
				0.528,
				2,
				0.333,
				0.478,
				2,
				0.367,
				0.426,
				2,
				0.4,
				0.374,
				2,
				0.433,
				0.322,
				2,
				0.467,
				0.272,
				2,
				0.5,
				0.223,
				2,
				0.533,
				0.178,
				2,
				0.567,
				0.135,
				2,
				0.6,
				0.097,
				2,
				0.633,
				0.064,
				2,
				0.667,
				0.038,
				2,
				0.7,
				0.017,
				2,
				0.733,
				0.004,
				2,
				0.767,
				0,
				2,
				1.967,
				0
			]
		},
		{
			"Target": "Parameter",
			"Id": "Param17",
			"Segments": [
				0,
				0,
				2,
				1.967,
				0
			]
		},
		{
			"Target": "Parameter",
			"Id": "Param18",
			"Segments": [
				0,
				0,
				2,
				1.967,
				0
			]
		},
		{
			"Target": "Parameter",
			"Id": "Param19",
			"Segments": [
				0,
				0,
				2,
				1.967,
				0
			]
		},
		{
			"Target": "Parameter",
			"Id": "Param21",
			"Segments": [
				0,
				0,
				2,
				1.967,
				0
			]
		},
		{
			"Target": "Parameter",
			"Id": "Param23",
			"Segments": [
				0,
				0,
				2,
				1.967,
				0
			]
		},
		{
			"Target": "Parameter",
			"Id": "Param24",
			"Segments": [
				0,
				0,
				2,
				1.967,
				0
			]
		},
		{
			"Target": "Parameter",
			"Id": "ParamBreath",
			"Segments": [
				0,
				0,
				2,
				1.967,
				0
			]
		},
		{
			"Target": "PartOpacity",
			"Id": "Part80",
			"Segments": [
				0,
				1,
				0,
				1,
				1,
				2,
				1.47,
				1,
				0,
				1.97,
				1
			]
		},
		{
			"Target": "PartOpacity",
			"Id": "Part",
			"Segments": [
				0,
				1,
				0,
				1,
				1,
				2,
				1.47,
				1,
				0,
				1.97,
				1
			]
		},
		{
			"Target": "PartOpacity",
			"Id": "Part2",
			"Segments": [
				0,
				1,
				0,
				1,
				1,
				2,
				1.47,
				1,
				0,
				1.97,
				1
			]
		},
		{
			"Target": "PartOpacity",
			"Id": "Part3",
			"Segments": [
				0,
				1,
				0,
				1,
				1,
				2,
				1.47,
				1,
				0,
				1.97,
				1
			]
		},
		{
			"Target": "PartOpacity",
			"Id": "Part4",
			"Segments": [
				0,
				1,
				0,
				1,
				1,
				2,
				1.47,
				1,
				0,
				1.97,
				1
			]
		},
		{
			"Target": "PartOpacity",
			"Id": "Part5",
			"Segments": [
				0,
				1,
				0,
				1,
				1,
				2,
				1.47,
				1,
				0,
				1.97,
				1
			]
		},
		{
			"Target": "PartOpacity",
			"Id": "Part9",
			"Segments": [
				0,
				1,
				0,
				1,
				1,
				2,
				1.47,
				1,
				0,
				1.97,
				1
			]
		},
		{
			"Target": "PartOpacity",
			"Id": "Part6",
			"Segments": [
				0,
				1,
				0,
				1,
				1,
				2,
				1.47,
				1,
				0,
				1.97,
				1
			]
		},
		{
			"Target": "PartOpacity",
			"Id": "Part7",
			"Segments": [
				0,
				1,
				0,
				1,
				1,
				2,
				1.47,
				1,
				0,
				1.97,
				1
			]
		},
		{
			"Target": "PartOpacity",
			"Id": "Part8",
			"Segments": [
				0,
				1,
				0,
				1,
				1,
				2,
				1.47,
				1,
				0,
				1.97,
				1
			]
		},
		{
			"Target": "PartOpacity",
			"Id": "Part81",
			"Segments": [
				0,
				1,
				0,
				1,
				1,
				2,
				1.47,
				1,
				0,
				1.97,
				1
			]
		},
		{
			"Target": "PartOpacity",
			"Id": "Part10",
			"Segments": [
				0,
				1,
				0,
				1,
				1,
				2,
				1.47,
				1,
				0,
				1.97,
				1
			]
		},
		{
			"Target": "PartOpacity",
			"Id": "Part11",
			"Segments": [
				0,
				1,
				0,
				1,
				1,
				2,
				1.47,
				1,
				0,
				1.97,
				1
			]
		},
		{
			"Target": "PartOpacity",
			"Id": "Part12",
			"Segments": [
				0,
				1,
				0,
				1,
				1,
				2,
				1.47,
				1,
				0,
				1.97,
				1
			]
		},
		{
			"Target": "PartOpacity",
			"Id": "Part13",
			"Segments": [
				0,
				1,
				0,
				1,
				1,
				2,
				1.47,
				1,
				0,
				1.97,
				1
			]
		},
		{
			"Target": "PartOpacity",
			"Id": "Part14",
			"Segments": [
				0,
				1,
				0,
				1,
				1,
				2,
				1.47,
				1,
				0,
				1.97,
				1
			]
		},
		{
			"Target": "PartOpacity",
			"Id": "Part15",
			"Segments": [
				0,
				1,
				0,
				1,
				1,
				2,
				1.47,
				1,
				0,
				1.97,
				1
			]
		},
		{
			"Target": "PartOpacity",
			"Id": "Part16",
			"Segments": [
				0,
				1,
				0,
				1,
				1,
				2,
				1.47,
				1,
				0,
				1.97,
				1
			]
		},
		{
			"Target": "PartOpacity",
			"Id": "Part20",
			"Segments": [
				0,
				1,
				0,
				1,
				1,
				2,
				1.47,
				1,
				0,
				1.97,
				1
			]
		},
		{
			"Target": "PartOpacity",
			"Id": "Part17",
			"Segments": [
				0,
				1,
				0,
				1,
				1,
				2,
				1.47,
				1,
				0,
				1.97,
				1
			]
		},
		{
			"Target": "PartOpacity",
			"Id": "Part18",
			"Segments": [
				0,
				1,
				0,
				1,
				1,
				2,
				1.47,
				1,
				0,
				1.97,
				1
			]
		},
		{
			"Target": "PartOpacity",
			"Id": "Part19",
			"Segments": [
				0,
				1,
				0,
				1,
				1,
				2,
				1.47,
				1,
				0,
				1.97,
				1
			]
		},
		{
			"Target": "PartOpacity",
			"Id": "Part22",
			"Segments": [
				0,
				1,
				0,
				1,
				1,
				2,
				1.47,
				1,
				0,
				1.97,
				1
			]
		},
		{
			"Target": "PartOpacity",
			"Id": "Part79",
			"Segments": [
				0,
				1,
				0,
				1,
				1,
				2,
				1.47,
				1,
				0,
				1.97,
				1
			]
		},
		{
			"Target": "PartOpacity",
			"Id": "Part21",
			"Segments": [
				0,
				1,
				0,
				1,
				1,
				2,
				1.47,
				1,
				0,
				1.97,
				1
			]
		},
		{
			"Target": "PartOpacity",
			"Id": "Part23",
			"Segments": [
				0,
				1,
				0,
				1,
				1,
				2,
				1.47,
				1,
				0,
				1.97,
				1
			]
		},
		{
			"Target": "PartOpacity",
			"Id": "Part24",
			"Segments": [
				0,
				1,
				0,
				1,
				1,
				2,
				1.47,
				1,
				0,
				1.97,
				1
			]
		},
		{
			"Target": "PartOpacity",
			"Id": "Part25",
			"Segments": [
				0,
				1,
				0,
				1,
				1,
				2,
				1.47,
				1,
				0,
				1.97,
				1
			]
		},
		{
			"Target": "PartOpacity",
			"Id": "Part26",
			"Segments": [
				0,
				1,
				0,
				1,
				1,
				2,
				1.47,
				1,
				0,
				1.97,
				1
			]
		},
		{
			"Target": "PartOpacity",
			"Id": "Part27",
			"Segments": [
				0,
				1,
				0,
				1,
				1,
				2,
				1.47,
				1,
				0,
				1.97,
				1
			]
		},
		{
			"Target": "PartOpacity",
			"Id": "Part28",
			"Segments": [
				0,
				1,
				0,
				1,
				1,
				2,
				1.47,
				1,
				0,
				1.97,
				1
			]
		},
		{
			"Target": "PartOpacity",
			"Id": "Part29",
			"Segments": [
				0,
				1,
				0,
				1,
				1,
				2,
				1.47,
				1,
				0,
				1.97,
				1
			]
		},
		{
			"Target": "PartOpacity",
			"Id": "Part30",
			"Segments": [
				0,
				1,
				0,
				1,
				1,
				2,
				1.47,
				1,
				0,
				1.97,
				1
			]
		},
		{
			"Target": "PartOpacity",
			"Id": "Part31",
			"Segments": [
				0,
				1,
				0,
				1,
				1,
				2,
				1.47,
				1,
				0,
				1.97,
				1
			]
		},
		{
			"Target": "PartOpacity",
			"Id": "Part32",
			"Segments": [
				0,
				1,
				0,
				1,
				1,
				2,
				1.47,
				1,
				0,
				1.97,
				1
			]
		},
		{
			"Target": "PartOpacity",
			"Id": "Part33",
			"Segments": [
				0,
				1,
				0,
				1,
				1,
				2,
				1.47,
				1,
				0,
				1.97,
				1
			]
		},
		{
			"Target": "PartOpacity",
			"Id": "Part34",
			"Segments": [
				0,
				1,
				0,
				1,
				1,
				2,
				1.47,
				1,
				0,
				1.97,
				1
			]
		},
		{
			"Target": "PartOpacity",
			"Id": "Part35",
			"Segments": [
				0,
				1,
				0,
				1,
				1,
				2,
				1.47,
				1,
				0,
				1.97,
				1
			]
		},
		{
			"Target": "PartOpacity",
			"Id": "Part42",
			"Segments": [
				0,
				1,
				0,
				1,
				1,
				2,
				1.47,
				1,
				0,
				1.97,
				1
			]
		},
		{
			"Target": "PartOpacity",
			"Id": "Part43",
			"Segments": [
				0,
				1,
				0,
				1,
				1,
				2,
				1.47,
				1,
				0,
				1.97,
				1
			]
		},
		{
			"Target": "PartOpacity",
			"Id": "Part45",
			"Segments": [
				0,
				1,
				0,
				1,
				1,
				2,
				1.47,
				1,
				0,
				1.97,
				1
			]
		},
		{
			"Target": "PartOpacity",
			"Id": "Part47",
			"Segments": [
				0,
				1,
				0,
				1,
				1,
				2,
				1.47,
				1,
				0,
				1.97,
				1
			]
		},
		{
			"Target": "PartOpacity",
			"Id": "Part36",
			"Segments": [
				0,
				1,
				0,
				1,
				1,
				2,
				1.47,
				1,
				0,
				1.97,
				1
			]
		},
		{
			"Target": "PartOpacity",
			"Id": "Part37",
			"Segments": [
				0,
				1,
				0,
				1,
				1,
				2,
				1.47,
				1,
				0,
				1.97,
				1
			]
		},
		{
			"Target": "PartOpacity",
			"Id": "Part38",
			"Segments": [
				0,
				1,
				0,
				1,
				1,
				2,
				1.47,
				1,
				0,
				1.97,
				1
			]
		},
		{
			"Target": "PartOpacity",
			"Id": "Part39",
			"Segments": [
				0,
				1,
				0,
				1,
				1,
				2,
				1.47,
				1,
				0,
				1.97,
				1
			]
		},
		{
			"Target": "PartOpacity",
			"Id": "Part40",
			"Segments": [
				0,
				1,
				0,
				1,
				1,
				2,
				1.47,
				1,
				0,
				1.97,
				1
			]
		},
		{
			"Target": "PartOpacity",
			"Id": "Part41",
			"Segments": [
				0,
				1,
				0,
				1,
				1,
				2,
				1.47,
				1,
				0,
				1.97,
				1
			]
		},
		{
			"Target": "PartOpacity",
			"Id": "Part44",
			"Segments": [
				0,
				1,
				0,
				1,
				1,
				2,
				1.47,
				1,
				0,
				1.97,
				1
			]
		},
		{
			"Target": "PartOpacity",
			"Id": "Part46",
			"Segments": [
				0,
				1,
				0,
				1,
				1,
				2,
				1.47,
				1,
				0,
				1.97,
				1
			]
		},
		{
			"Target": "PartOpacity",
			"Id": "Part48",
			"Segments": [
				0,
				1,
				0,
				1,
				1,
				2,
				1.47,
				1,
				0,
				1.97,
				1
			]
		},
		{
			"Target": "PartOpacity",
			"Id": "Part49",
			"Segments": [
				0,
				1,
				0,
				1,
				1,
				2,
				1.47,
				1,
				0,
				1.97,
				1
			]
		},
		{
			"Target": "PartOpacity",
			"Id": "Part50",
			"Segments": [
				0,
				1,
				0,
				1,
				1,
				2,
				1.47,
				1,
				0,
				1.97,
				1
			]
		},
		{
			"Target": "PartOpacity",
			"Id": "Part51",
			"Segments": [
				0,
				1,
				0,
				1,
				1,
				2,
				1.47,
				1,
				0,
				1.97,
				1
			]
		},
		{
			"Target": "PartOpacity",
			"Id": "Part52",
			"Segments": [
				0,
				1,
				0,
				1,
				1,
				2,
				1.47,
				1,
				0,
				1.97,
				1
			]
		},
		{
			"Target": "PartOpacity",
			"Id": "Part53",
			"Segments": [
				0,
				1,
				0,
				1,
				1,
				2,
				1.47,
				1,
				0,
				1.97,
				1
			]
		},
		{
			"Target": "PartOpacity",
			"Id": "Part54",
			"Segments": [
				0,
				1,
				0,
				1,
				1,
				2,
				1.47,
				1,
				0,
				1.97,
				1
			]
		},
		{
			"Target": "PartOpacity",
			"Id": "Part55",
			"Segments": [
				0,
				1,
				0,
				1,
				1,
				2,
				1.47,
				1,
				0,
				1.97,
				1
			]
		},
		{
			"Target": "PartOpacity",
			"Id": "Part56",
			"Segments": [
				0,
				1,
				0,
				1,
				1,
				2,
				1.47,
				1,
				0,
				1.97,
				1
			]
		},
		{
			"Target": "PartOpacity",
			"Id": "Part57",
			"Segments": [
				0,
				1,
				0,
				1,
				1,
				2,
				1.47,
				1,
				0,
				1.97,
				1
			]
		},
		{
			"Target": "PartOpacity",
			"Id": "Part58",
			"Segments": [
				0,
				1,
				0,
				1,
				1,
				2,
				1.47,
				1,
				0,
				1.97,
				1
			]
		},
		{
			"Target": "PartOpacity",
			"Id": "Part59",
			"Segments": [
				0,
				1,
				0,
				1,
				1,
				2,
				1.47,
				1,
				0,
				1.97,
				1
			]
		},
		{
			"Target": "PartOpacity",
			"Id": "Part60",
			"Segments": [
				0,
				1,
				0,
				1,
				1,
				2,
				1.47,
				1,
				0,
				1.97,
				1
			]
		},
		{
			"Target": "PartOpacity",
			"Id": "Part61",
			"Segments": [
				0,
				1,
				0,
				1,
				1,
				2,
				1.47,
				1,
				0,
				1.97,
				1
			]
		},
		{
			"Target": "PartOpacity",
			"Id": "Part62",
			"Segments": [
				0,
				1,
				0,
				1,
				1,
				2,
				1.47,
				1,
				0,
				1.97,
				1
			]
		},
		{
			"Target": "PartOpacity",
			"Id": "Part63",
			"Segments": [
				0,
				1,
				0,
				1,
				1,
				2,
				1.47,
				1,
				0,
				1.97,
				1
			]
		},
		{
			"Target": "PartOpacity",
			"Id": "Part64",
			"Segments": [
				0,
				1,
				0,
				1,
				1,
				2,
				1.47,
				1,
				0,
				1.97,
				1
			]
		},
		{
			"Target": "PartOpacity",
			"Id": "Part65",
			"Segments": [
				0,
				1,
				0,
				1,
				1,
				2,
				1.47,
				1,
				0,
				1.97,
				1
			]
		},
		{
			"Target": "PartOpacity",
			"Id": "Part66",
			"Segments": [
				0,
				1,
				0,
				1,
				1,
				2,
				1.47,
				1,
				0,
				1.97,
				1
			]
		},
		{
			"Target": "PartOpacity",
			"Id": "Part67",
			"Segments": [
				0,
				1,
				0,
				1,
				1,
				2,
				1.47,
				1,
				0,
				1.97,
				1
			]
		},
		{
			"Target": "PartOpacity",
			"Id": "Part68",
			"Segments": [
				0,
				1,
				0,
				1,
				1,
				2,
				1.47,
				1,
				0,
				1.97,
				1
			]
		},
		{
			"Target": "PartOpacity",
			"Id": "Part69",
			"Segments": [
				0,
				1,
				0,
				1,
				1,
				2,
				1.47,
				1,
				0,
				1.97,
				1
			]
		},
		{
			"Target": "PartOpacity",
			"Id": "Part70",
			"Segments": [
				0,
				1,
				0,
				1,
				1,
				2,
				1.47,
				1,
				0,
				1.97,
				1
			]
		},
		{
			"Target": "PartOpacity",
			"Id": "Part71",
			"Segments": [
				0,
				1,
				0,
				1,
				1,
				2,
				1.47,
				1,
				0,
				1.97,
				1
			]
		},
		{
			"Target": "PartOpacity",
			"Id": "Part72",
			"Segments": [
				0,
				1,
				0,
				1,
				1,
				2,
				1.47,
				1,
				0,
				1.97,
				1
			]
		},
		{
			"Target": "PartOpacity",
			"Id": "Part73",
			"Segments": [
				0,
				1,
				0,
				1,
				1,
				2,
				1.47,
				1,
				0,
				1.97,
				1
			]
		},
		{
			"Target": "PartOpacity",
			"Id": "Part74",
			"Segments": [
				0,
				1,
				0,
				1,
				1,
				2,
				1.47,
				1,
				0,
				1.97,
				1
			]
		},
		{
			"Target": "PartOpacity",
			"Id": "Part75",
			"Segments": [
				0,
				1,
				0,
				1,
				1,
				2,
				1.47,
				1,
				0,
				1.97,
				1
			]
		},
		{
			"Target": "PartOpacity",
			"Id": "Part76",
			"Segments": [
				0,
				1,
				0,
				1,
				1,
				2,
				1.47,
				1,
				0,
				1.97,
				1
			]
		},
		{
			"Target": "PartOpacity",
			"Id": "Part77",
			"Segments": [
				0,
				1,
				0,
				1,
				1,
				2,
				1.47,
				1,
				0,
				1.97,
				1
			]
		},
		{
			"Target": "PartOpacity",
			"Id": "Part78",
			"Segments": [
				0,
				1,
				0,
				1,
				1,
				2,
				1.47,
				1,
				0,
				1.97,
				1
			]
		}
	]
}