{
	"Version": 3,
	"Meta": {
		"PhysicsSettingCount": 34,
		"TotalInputCount": 81,
		"TotalOutputCount": 86,
		"VertexCount": 131,
		"Fps": 60,
		"EffectiveForces": {
			"Gravity": {
				"X": 0,
				"Y": -1
			},
			"Wind": {
				"X": 0,
				"Y": 0
			}
		},
		"PhysicsDictionary": [
			{
				"Id": "PhysicsSetting1",
				"Name": "头X"
			},
			{
				"Id": "PhysicsSetting2",
				"Name": "头Y"
			},
			{
				"Id": "PhysicsSetting3",
				"Name": "头Z"
			},
			{
				"Id": "PhysicsSetting4",
				"Name": "bodyZ"
			},
			{
				"Id": "PhysicsSetting5",
				"Name": "bodyZ(2)"
			},
			{
				"Id": "PhysicsSetting6",
				"Name": "bodyX"
			},
			{
				"Id": "PhysicsSetting7",
				"Name": "bodyX(2)"
			},
			{
				"Id": "PhysicsSetting8",
				"Name": "bodyy"
			},
			{
				"Id": "PhysicsSetting9",
				"Name": "刘海 XZ"
			},
			{
				"Id": "PhysicsSetting10",
				"Name": "刘海 y"
			},
			{
				"Id": "PhysicsSetting11",
				"Name": "侧发 XZ"
			},
			{
				"Id": "PhysicsSetting12",
				"Name": "侧发 y"
			},
			{
				"Id": "PhysicsSetting13",
				"Name": "侧发 R  XZ"
			},
			{
				"Id": "PhysicsSetting14",
				"Name": "侧发 Ry"
			},
			{
				"Id": "PhysicsSetting15",
				"Name": "后R 发  XZ"
			},
			{
				"Id": "PhysicsSetting16",
				"Name": "后R 发  y"
			},
			{
				"Id": "PhysicsSetting17",
				"Name": "饰品 XZ"
			},
			{
				"Id": "PhysicsSetting18",
				"Name": "饰品 Y"
			},
			{
				"Id": "PhysicsSetting19",
				"Name": "饰品"
			},
			{
				"Id": "PhysicsSetting20",
				"Name": "双马尾XZ"
			},
			{
				"Id": "PhysicsSetting21",
				"Name": "双马尾XZ R"
			},
			{
				"Id": "PhysicsSetting22",
				"Name": "双马尾y"
			},
			{
				"Id": "PhysicsSetting23",
				"Name": "双马尾y R"
			},
			{
				"Id": "PhysicsSetting24",
				"Name": "大票带 XZ"
			},
			{
				"Id": "PhysicsSetting25",
				"Name": "大票带 XZ l"
			},
			{
				"Id": "PhysicsSetting26",
				"Name": "胸 XZ"
			},
			{
				"Id": "PhysicsSetting27",
				"Name": "胸 Y"
			},
			{
				"Id": "PhysicsSetting28",
				"Name": "裙子 XZ"
			},
			{
				"Id": "PhysicsSetting29",
				"Name": "后摆 XZ"
			},
			{
				"Id": "PhysicsSetting30",
				"Name": "后摆 Y"
			},
			{
				"Id": "PhysicsSetting31",
				"Name": "眼睛物理"
			},
			{
				"Id": "PhysicsSetting32",
				"Name": "眼睛物理(2)"
			},
			{
				"Id": "PhysicsSetting33",
				"Name": "眼睛物理L1"
			},
			{
				"Id": "PhysicsSetting34",
				"Name": "眼睛物理L2"
			}
		]
	},
	"PhysicsSettings": [
		{
			"Id": "PhysicsSetting1",
			"Input": [
				{
					"Source": {
						"Target": "Parameter",
						"Id": "Param169"
					},
					"Weight": 100,
					"Type": "Angle",
					"Reflect": false
				}
			],
			"Output": [
				{
					"Destination": {
						"Target": "Parameter",
						"Id": "ParamAngleX"
					},
					"VertexIndex": 1,
					"Scale": 171.891,
					"Weight": 100,
					"Type": "Angle",
					"Reflect": false
				}
			],
			"Vertices": [
				{
					"Position": {
						"X": 0,
						"Y": 0
					},
					"Mobility": 1,
					"Delay": 1,
					"Acceleration": 1,
					"Radius": 0
				},
				{
					"Position": {
						"X": 0,
						"Y": 10
					},
					"Mobility": 0.7,
					"Delay": 0.75,
					"Acceleration": 1,
					"Radius": 10
				}
			],
			"Normalization": {
				"Position": {
					"Minimum": -10,
					"Default": 0,
					"Maximum": 10
				},
				"Angle": {
					"Minimum": -10,
					"Default": 0,
					"Maximum": 10
				}
			}
		},
		{
			"Id": "PhysicsSetting2",
			"Input": [
				{
					"Source": {
						"Target": "Parameter",
						"Id": "Param252"
					},
					"Weight": 100,
					"Type": "Angle",
					"Reflect": false
				}
			],
			"Output": [
				{
					"Destination": {
						"Target": "Parameter",
						"Id": "ParamAngleY"
					},
					"VertexIndex": 1,
					"Scale": 176.295,
					"Weight": 100,
					"Type": "Angle",
					"Reflect": false
				},
				{
					"Destination": {
						"Target": "Parameter",
						"Id": "Param110"
					},
					"VertexIndex": 1,
					"Scale": 5.877,
					"Weight": 50,
					"Type": "Angle",
					"Reflect": false
				}
			],
			"Vertices": [
				{
					"Position": {
						"X": 0,
						"Y": 0
					},
					"Mobility": 1,
					"Delay": 1,
					"Acceleration": 1,
					"Radius": 0
				},
				{
					"Position": {
						"X": 0,
						"Y": 10
					},
					"Mobility": 0.7,
					"Delay": 0.75,
					"Acceleration": 1,
					"Radius": 10
				}
			],
			"Normalization": {
				"Position": {
					"Minimum": -10,
					"Default": 0,
					"Maximum": 10
				},
				"Angle": {
					"Minimum": -10,
					"Default": 0,
					"Maximum": 10
				}
			}
		},
		{
			"Id": "PhysicsSetting3",
			"Input": [
				{
					"Source": {
						"Target": "Parameter",
						"Id": "Param253"
					},
					"Weight": 100,
					"Type": "Angle",
					"Reflect": false
				}
			],
			"Output": [
				{
					"Destination": {
						"Target": "Parameter",
						"Id": "ParamAngleZ"
					},
					"VertexIndex": 1,
					"Scale": 171.891,
					"Weight": 100,
					"Type": "Angle",
					"Reflect": false
				}
			],
			"Vertices": [
				{
					"Position": {
						"X": 0,
						"Y": 0
					},
					"Mobility": 1,
					"Delay": 1,
					"Acceleration": 1,
					"Radius": 0
				},
				{
					"Position": {
						"X": 0,
						"Y": 10
					},
					"Mobility": 0.7,
					"Delay": 0.75,
					"Acceleration": 1,
					"Radius": 10
				}
			],
			"Normalization": {
				"Position": {
					"Minimum": -10,
					"Default": 0,
					"Maximum": 10
				},
				"Angle": {
					"Minimum": -10,
					"Default": 0,
					"Maximum": 10
				}
			}
		},
		{
			"Id": "PhysicsSetting4",
			"Input": [
				{
					"Source": {
						"Target": "Parameter",
						"Id": "ParamBodyAngleZ2"
					},
					"Weight": 100,
					"Type": "Angle",
					"Reflect": false
				}
			],
			"Output": [
				{
					"Destination": {
						"Target": "Parameter",
						"Id": "ParamBodyAngleZ"
					},
					"VertexIndex": 1,
					"Scale": 20.82,
					"Weight": 100,
					"Type": "Angle",
					"Reflect": false
				}
			],
			"Vertices": [
				{
					"Position": {
						"X": 0,
						"Y": 0
					},
					"Mobility": 1,
					"Delay": 1,
					"Acceleration": 1,
					"Radius": 0
				},
				{
					"Position": {
						"X": 0,
						"Y": 15
					},
					"Mobility": 0.71,
					"Delay": 0.69,
					"Acceleration": 1.4,
					"Radius": 15
				}
			],
			"Normalization": {
				"Position": {
					"Minimum": -10,
					"Default": 0,
					"Maximum": 10
				},
				"Angle": {
					"Minimum": -30,
					"Default": 0,
					"Maximum": 30
				}
			}
		},
		{
			"Id": "PhysicsSetting5",
			"Input": [
				{
					"Source": {
						"Target": "Parameter",
						"Id": "ParamBodyAngleZ2"
					},
					"Weight": 100,
					"Type": "Angle",
					"Reflect": false
				},
				{
					"Source": {
						"Target": "Parameter",
						"Id": "ParamBodyAngleX2"
					},
					"Weight": 0,
					"Type": "Angle",
					"Reflect": false
				}
			],
			"Output": [
				{
					"Destination": {
						"Target": "Parameter",
						"Id": "ParamBodyAngleZ3"
					},
					"VertexIndex": 1,
					"Scale": 15.909,
					"Weight": 100,
					"Type": "Angle",
					"Reflect": false
				}
			],
			"Vertices": [
				{
					"Position": {
						"X": 0,
						"Y": 0
					},
					"Mobility": 1,
					"Delay": 1,
					"Acceleration": 1,
					"Radius": 0
				},
				{
					"Position": {
						"X": 0,
						"Y": 14.7
					},
					"Mobility": 0.71,
					"Delay": 0.69,
					"Acceleration": 1.4,
					"Radius": 14.7
				}
			],
			"Normalization": {
				"Position": {
					"Minimum": -10,
					"Default": 0,
					"Maximum": 10
				},
				"Angle": {
					"Minimum": -30,
					"Default": 0,
					"Maximum": 30
				}
			}
		},
		{
			"Id": "PhysicsSetting6",
			"Input": [
				{
					"Source": {
						"Target": "Parameter",
						"Id": "ParamBodyAngleX2"
					},
					"Weight": 100,
					"Type": "Angle",
					"Reflect": false
				}
			],
			"Output": [
				{
					"Destination": {
						"Target": "Parameter",
						"Id": "ParamBodyAngleX"
					},
					"VertexIndex": 1,
					"Scale": 20.82,
					"Weight": 100,
					"Type": "Angle",
					"Reflect": false
				}
			],
			"Vertices": [
				{
					"Position": {
						"X": 0,
						"Y": 0
					},
					"Mobility": 1,
					"Delay": 1,
					"Acceleration": 1,
					"Radius": 0
				},
				{
					"Position": {
						"X": 0,
						"Y": 15
					},
					"Mobility": 0.71,
					"Delay": 0.69,
					"Acceleration": 1.4,
					"Radius": 15
				}
			],
			"Normalization": {
				"Position": {
					"Minimum": -10,
					"Default": 0,
					"Maximum": 10
				},
				"Angle": {
					"Minimum": -30,
					"Default": 0,
					"Maximum": 30
				}
			}
		},
		{
			"Id": "PhysicsSetting7",
			"Input": [
				{
					"Source": {
						"Target": "Parameter",
						"Id": "ParamBodyAngleX5"
					},
					"Weight": 100,
					"Type": "Angle",
					"Reflect": false
				}
			],
			"Output": [
				{
					"Destination": {
						"Target": "Parameter",
						"Id": "ParamBodyAngleX6"
					},
					"VertexIndex": 1,
					"Scale": 19.997,
					"Weight": 100,
					"Type": "Angle",
					"Reflect": false
				}
			],
			"Vertices": [
				{
					"Position": {
						"X": 0,
						"Y": 0
					},
					"Mobility": 1,
					"Delay": 1,
					"Acceleration": 1,
					"Radius": 0
				},
				{
					"Position": {
						"X": 0,
						"Y": 15
					},
					"Mobility": 0.71,
					"Delay": 0.69,
					"Acceleration": 1.4,
					"Radius": 15
				}
			],
			"Normalization": {
				"Position": {
					"Minimum": -10,
					"Default": 0,
					"Maximum": 10
				},
				"Angle": {
					"Minimum": -30,
					"Default": 0,
					"Maximum": 30
				}
			}
		},
		{
			"Id": "PhysicsSetting8",
			"Input": [
				{
					"Source": {
						"Target": "Parameter",
						"Id": "ParamBodyAngleY2"
					},
					"Weight": 100,
					"Type": "Angle",
					"Reflect": false
				}
			],
			"Output": [
				{
					"Destination": {
						"Target": "Parameter",
						"Id": "ParamBodyAngleY"
					},
					"VertexIndex": 1,
					"Scale": 20.82,
					"Weight": 100,
					"Type": "Angle",
					"Reflect": false
				}
			],
			"Vertices": [
				{
					"Position": {
						"X": 0,
						"Y": 0
					},
					"Mobility": 1,
					"Delay": 1,
					"Acceleration": 1,
					"Radius": 0
				},
				{
					"Position": {
						"X": 0,
						"Y": 15
					},
					"Mobility": 0.71,
					"Delay": 0.69,
					"Acceleration": 1.4,
					"Radius": 15
				}
			],
			"Normalization": {
				"Position": {
					"Minimum": -10,
					"Default": 0,
					"Maximum": 10
				},
				"Angle": {
					"Minimum": -30,
					"Default": 0,
					"Maximum": 30
				}
			}
		},
		{
			"Id": "PhysicsSetting9",
			"Input": [
				{
					"Source": {
						"Target": "Parameter",
						"Id": "ParamAngleX"
					},
					"Weight": 60,
					"Type": "X",
					"Reflect": false
				},
				{
					"Source": {
						"Target": "Parameter",
						"Id": "ParamAngleZ"
					},
					"Weight": 50,
					"Type": "Angle",
					"Reflect": false
				},
				{
					"Source": {
						"Target": "Parameter",
						"Id": "ParamAngleY"
					},
					"Weight": 40,
					"Type": "X",
					"Reflect": false
				}
			],
			"Output": [
				{
					"Destination": {
						"Target": "Parameter",
						"Id": "Param13"
					},
					"VertexIndex": 1,
					"Scale": 1.481,
					"Weight": 100,
					"Type": "Angle",
					"Reflect": false
				},
				{
					"Destination": {
						"Target": "Parameter",
						"Id": "Param16"
					},
					"VertexIndex": 2,
					"Scale": 1.329,
					"Weight": 100,
					"Type": "Angle",
					"Reflect": false
				},
				{
					"Destination": {
						"Target": "Parameter",
						"Id": "Param27"
					},
					"VertexIndex": 3,
					"Scale": 1.017,
					"Weight": 100,
					"Type": "Angle",
					"Reflect": false
				}
			],
			"Vertices": [
				{
					"Position": {
						"X": 0,
						"Y": 0
					},
					"Mobility": 1,
					"Delay": 1,
					"Acceleration": 1,
					"Radius": 0
				},
				{
					"Position": {
						"X": 0,
						"Y": 6
					},
					"Mobility": 0.925,
					"Delay": 0.95,
					"Acceleration": 1.05,
					"Radius": 6
				},
				{
					"Position": {
						"X": 0,
						"Y": 12
					},
					"Mobility": 0.925,
					"Delay": 0.95,
					"Acceleration": 1.03,
					"Radius": 6
				},
				{
					"Position": {
						"X": 0,
						"Y": 17
					},
					"Mobility": 0.925,
					"Delay": 0.95,
					"Acceleration": 1,
					"Radius": 5
				},
				{
					"Position": {
						"X": 0,
						"Y": 22
					},
					"Mobility": 0.925,
					"Delay": 0.95,
					"Acceleration": 0.8,
					"Radius": 5
				}
			],
			"Normalization": {
				"Position": {
					"Minimum": -10,
					"Default": 0,
					"Maximum": 10
				},
				"Angle": {
					"Minimum": -10,
					"Default": 0,
					"Maximum": 10
				}
			}
		},
		{
			"Id": "PhysicsSetting10",
			"Input": [
				{
					"Source": {
						"Target": "Parameter",
						"Id": "ParamAngleX"
					},
					"Weight": 25,
					"Type": "X",
					"Reflect": false
				},
				{
					"Source": {
						"Target": "Parameter",
						"Id": "ParamAngleY"
					},
					"Weight": 75,
					"Type": "X",
					"Reflect": false
				},
				{
					"Source": {
						"Target": "Parameter",
						"Id": "ParamBreath"
					},
					"Weight": 15,
					"Type": "Angle",
					"Reflect": false
				}
			],
			"Output": [
				{
					"Destination": {
						"Target": "Parameter",
						"Id": "Param14"
					},
					"VertexIndex": 1,
					"Scale": 1.254,
					"Weight": 70,
					"Type": "Angle",
					"Reflect": false
				},
				{
					"Destination": {
						"Target": "Parameter",
						"Id": "Param20"
					},
					"VertexIndex": 2,
					"Scale": 1.06,
					"Weight": 70,
					"Type": "Angle",
					"Reflect": false
				},
				{
					"Destination": {
						"Target": "Parameter",
						"Id": "Param28"
					},
					"VertexIndex": 3,
					"Scale": 0.951,
					"Weight": 70,
					"Type": "Angle",
					"Reflect": false
				}
			],
			"Vertices": [
				{
					"Position": {
						"X": 0,
						"Y": 0
					},
					"Mobility": 1,
					"Delay": 1,
					"Acceleration": 1,
					"Radius": 0
				},
				{
					"Position": {
						"X": 0,
						"Y": 6
					},
					"Mobility": 0.925,
					"Delay": 0.95,
					"Acceleration": 1.05,
					"Radius": 6
				},
				{
					"Position": {
						"X": 0,
						"Y": 12
					},
					"Mobility": 0.925,
					"Delay": 0.95,
					"Acceleration": 1.03,
					"Radius": 6
				},
				{
					"Position": {
						"X": 0,
						"Y": 17
					},
					"Mobility": 0.925,
					"Delay": 0.95,
					"Acceleration": 1,
					"Radius": 5
				},
				{
					"Position": {
						"X": 0,
						"Y": 22
					},
					"Mobility": 0.925,
					"Delay": 0.95,
					"Acceleration": 0.8,
					"Radius": 5
				}
			],
			"Normalization": {
				"Position": {
					"Minimum": -10,
					"Default": 0,
					"Maximum": 10
				},
				"Angle": {
					"Minimum": -10,
					"Default": 0,
					"Maximum": 10
				}
			}
		},
		{
			"Id": "PhysicsSetting11",
			"Input": [
				{
					"Source": {
						"Target": "Parameter",
						"Id": "ParamAngleX"
					},
					"Weight": 60,
					"Type": "X",
					"Reflect": false
				},
				{
					"Source": {
						"Target": "Parameter",
						"Id": "ParamAngleZ"
					},
					"Weight": 50,
					"Type": "Angle",
					"Reflect": false
				},
				{
					"Source": {
						"Target": "Parameter",
						"Id": "ParamAngleY"
					},
					"Weight": 40,
					"Type": "X",
					"Reflect": true
				}
			],
			"Output": [
				{
					"Destination": {
						"Target": "Parameter",
						"Id": "Param29"
					},
					"VertexIndex": 1,
					"Scale": 1.942,
					"Weight": 100,
					"Type": "Angle",
					"Reflect": false
				},
				{
					"Destination": {
						"Target": "Parameter",
						"Id": "Param31"
					},
					"VertexIndex": 2,
					"Scale": 1.578,
					"Weight": 100,
					"Type": "Angle",
					"Reflect": false
				},
				{
					"Destination": {
						"Target": "Parameter",
						"Id": "Param33"
					},
					"VertexIndex": 3,
					"Scale": 1.528,
					"Weight": 100,
					"Type": "Angle",
					"Reflect": false
				}
			],
			"Vertices": [
				{
					"Position": {
						"X": 0,
						"Y": 0
					},
					"Mobility": 1,
					"Delay": 1,
					"Acceleration": 1,
					"Radius": 0
				},
				{
					"Position": {
						"X": 0,
						"Y": 11.4
					},
					"Mobility": 0.91,
					"Delay": 0.9,
					"Acceleration": 0.99,
					"Radius": 11.4
				},
				{
					"Position": {
						"X": 0,
						"Y": 20.4
					},
					"Mobility": 0.91,
					"Delay": 0.9,
					"Acceleration": 0.97,
					"Radius": 9
				},
				{
					"Position": {
						"X": 0,
						"Y": 27.4
					},
					"Mobility": 0.91,
					"Delay": 0.91,
					"Acceleration": 0.96,
					"Radius": 7
				},
				{
					"Position": {
						"X": 0,
						"Y": 32.4
					},
					"Mobility": 0.91,
					"Delay": 0.88,
					"Acceleration": 0.8,
					"Radius": 5
				}
			],
			"Normalization": {
				"Position": {
					"Minimum": -10,
					"Default": 0,
					"Maximum": 10
				},
				"Angle": {
					"Minimum": -10,
					"Default": 0,
					"Maximum": 10
				}
			}
		},
		{
			"Id": "PhysicsSetting12",
			"Input": [
				{
					"Source": {
						"Target": "Parameter",
						"Id": "ParamAngleX"
					},
					"Weight": 25,
					"Type": "X",
					"Reflect": false
				},
				{
					"Source": {
						"Target": "Parameter",
						"Id": "ParamAngleY"
					},
					"Weight": 75,
					"Type": "X",
					"Reflect": true
				},
				{
					"Source": {
						"Target": "Parameter",
						"Id": "ParamBreath"
					},
					"Weight": 15,
					"Type": "Angle",
					"Reflect": false
				}
			],
			"Output": [
				{
					"Destination": {
						"Target": "Parameter",
						"Id": "Param30"
					},
					"VertexIndex": 1,
					"Scale": 1.352,
					"Weight": 65,
					"Type": "Angle",
					"Reflect": false
				},
				{
					"Destination": {
						"Target": "Parameter",
						"Id": "Param32"
					},
					"VertexIndex": 2,
					"Scale": 1.101,
					"Weight": 65,
					"Type": "Angle",
					"Reflect": false
				},
				{
					"Destination": {
						"Target": "Parameter",
						"Id": "Param34"
					},
					"VertexIndex": 3,
					"Scale": 1.09,
					"Weight": 65,
					"Type": "Angle",
					"Reflect": false
				}
			],
			"Vertices": [
				{
					"Position": {
						"X": 0,
						"Y": 0
					},
					"Mobility": 1,
					"Delay": 1,
					"Acceleration": 1,
					"Radius": 0
				},
				{
					"Position": {
						"X": 0,
						"Y": 11.4
					},
					"Mobility": 0.91,
					"Delay": 0.9,
					"Acceleration": 0.99,
					"Radius": 11.4
				},
				{
					"Position": {
						"X": 0,
						"Y": 20.4
					},
					"Mobility": 0.91,
					"Delay": 0.9,
					"Acceleration": 0.97,
					"Radius": 9
				},
				{
					"Position": {
						"X": 0,
						"Y": 27.4
					},
					"Mobility": 0.91,
					"Delay": 0.91,
					"Acceleration": 0.96,
					"Radius": 7
				},
				{
					"Position": {
						"X": 0,
						"Y": 32.4
					},
					"Mobility": 0.91,
					"Delay": 0.88,
					"Acceleration": 0.8,
					"Radius": 5
				}
			],
			"Normalization": {
				"Position": {
					"Minimum": -10,
					"Default": 0,
					"Maximum": 10
				},
				"Angle": {
					"Minimum": -10,
					"Default": 0,
					"Maximum": 10
				}
			}
		},
		{
			"Id": "PhysicsSetting13",
			"Input": [
				{
					"Source": {
						"Target": "Parameter",
						"Id": "ParamAngleX"
					},
					"Weight": 60,
					"Type": "X",
					"Reflect": true
				},
				{
					"Source": {
						"Target": "Parameter",
						"Id": "ParamAngleZ"
					},
					"Weight": 50,
					"Type": "Angle",
					"Reflect": true
				},
				{
					"Source": {
						"Target": "Parameter",
						"Id": "ParamAngleY"
					},
					"Weight": 40,
					"Type": "X",
					"Reflect": true
				}
			],
			"Output": [
				{
					"Destination": {
						"Target": "Parameter",
						"Id": "Param35"
					},
					"VertexIndex": 1,
					"Scale": 1.4,
					"Weight": 100,
					"Type": "Angle",
					"Reflect": false
				},
				{
					"Destination": {
						"Target": "Parameter",
						"Id": "Param37"
					},
					"VertexIndex": 2,
					"Scale": 1.436,
					"Weight": 100,
					"Type": "Angle",
					"Reflect": false
				},
				{
					"Destination": {
						"Target": "Parameter",
						"Id": "Param39"
					},
					"VertexIndex": 3,
					"Scale": 1.083,
					"Weight": 100,
					"Type": "Angle",
					"Reflect": false
				},
				{
					"Destination": {
						"Target": "Parameter",
						"Id": "Param41"
					},
					"VertexIndex": 4,
					"Scale": 1.174,
					"Weight": 100,
					"Type": "Angle",
					"Reflect": false
				}
			],
			"Vertices": [
				{
					"Position": {
						"X": 0,
						"Y": 0
					},
					"Mobility": 0.91,
					"Delay": 1,
					"Acceleration": 1,
					"Radius": 0
				},
				{
					"Position": {
						"X": 0,
						"Y": 6.56
					},
					"Mobility": 0.912,
					"Delay": 0.92,
					"Acceleration": 1.05,
					"Radius": 6.56
				},
				{
					"Position": {
						"X": 0,
						"Y": 13.12
					},
					"Mobility": 0.91,
					"Delay": 0.92,
					"Acceleration": 1.03,
					"Radius": 6.56
				},
				{
					"Position": {
						"X": 0,
						"Y": 19.68
					},
					"Mobility": 0.9,
					"Delay": 0.92,
					"Acceleration": 1,
					"Radius": 6.56
				},
				{
					"Position": {
						"X": 0,
						"Y": 26.24
					},
					"Mobility": 0.91,
					"Delay": 1,
					"Acceleration": 1,
					"Radius": 6.56
				}
			],
			"Normalization": {
				"Position": {
					"Minimum": -10,
					"Default": 0,
					"Maximum": 10
				},
				"Angle": {
					"Minimum": -10,
					"Default": 0,
					"Maximum": 10
				}
			}
		},
		{
			"Id": "PhysicsSetting14",
			"Input": [
				{
					"Source": {
						"Target": "Parameter",
						"Id": "ParamAngleX"
					},
					"Weight": 25,
					"Type": "X",
					"Reflect": false
				},
				{
					"Source": {
						"Target": "Parameter",
						"Id": "ParamAngleY"
					},
					"Weight": 75,
					"Type": "X",
					"Reflect": false
				},
				{
					"Source": {
						"Target": "Parameter",
						"Id": "ParamBreath"
					},
					"Weight": 15,
					"Type": "Angle",
					"Reflect": false
				}
			],
			"Output": [
				{
					"Destination": {
						"Target": "Parameter",
						"Id": "Param36"
					},
					"VertexIndex": 1,
					"Scale": 1.255,
					"Weight": 70,
					"Type": "Angle",
					"Reflect": false
				},
				{
					"Destination": {
						"Target": "Parameter",
						"Id": "Param38"
					},
					"VertexIndex": 2,
					"Scale": 1.07,
					"Weight": 70,
					"Type": "Angle",
					"Reflect": false
				},
				{
					"Destination": {
						"Target": "Parameter",
						"Id": "Param40"
					},
					"VertexIndex": 3,
					"Scale": 0.864,
					"Weight": 70,
					"Type": "Angle",
					"Reflect": false
				},
				{
					"Destination": {
						"Target": "Parameter",
						"Id": "Param42"
					},
					"VertexIndex": 4,
					"Scale": 0.926,
					"Weight": 70,
					"Type": "Angle",
					"Reflect": false
				}
			],
			"Vertices": [
				{
					"Position": {
						"X": 0,
						"Y": 0
					},
					"Mobility": 0.91,
					"Delay": 1,
					"Acceleration": 1,
					"Radius": 0
				},
				{
					"Position": {
						"X": 0,
						"Y": 6.56
					},
					"Mobility": 0.912,
					"Delay": 0.92,
					"Acceleration": 1.05,
					"Radius": 6.56
				},
				{
					"Position": {
						"X": 0,
						"Y": 13.12
					},
					"Mobility": 0.91,
					"Delay": 0.92,
					"Acceleration": 1.03,
					"Radius": 6.56
				},
				{
					"Position": {
						"X": 0,
						"Y": 19.68
					},
					"Mobility": 0.9,
					"Delay": 0.92,
					"Acceleration": 1,
					"Radius": 6.56
				},
				{
					"Position": {
						"X": 0,
						"Y": 26.24
					},
					"Mobility": 0.91,
					"Delay": 1,
					"Acceleration": 1,
					"Radius": 6.56
				}
			],
			"Normalization": {
				"Position": {
					"Minimum": -10,
					"Default": 0,
					"Maximum": 10
				},
				"Angle": {
					"Minimum": -10,
					"Default": 0,
					"Maximum": 10
				}
			}
		},
		{
			"Id": "PhysicsSetting15",
			"Input": [
				{
					"Source": {
						"Target": "Parameter",
						"Id": "ParamAngleX"
					},
					"Weight": 60,
					"Type": "X",
					"Reflect": false
				},
				{
					"Source": {
						"Target": "Parameter",
						"Id": "ParamAngleZ"
					},
					"Weight": 50,
					"Type": "Angle",
					"Reflect": false
				},
				{
					"Source": {
						"Target": "Parameter",
						"Id": "ParamAngleY"
					},
					"Weight": 40,
					"Type": "X",
					"Reflect": false
				}
			],
			"Output": [
				{
					"Destination": {
						"Target": "Parameter",
						"Id": "Param43"
					},
					"VertexIndex": 1,
					"Scale": 1.457,
					"Weight": 100,
					"Type": "Angle",
					"Reflect": false
				},
				{
					"Destination": {
						"Target": "Parameter",
						"Id": "Param45"
					},
					"VertexIndex": 2,
					"Scale": 1.215,
					"Weight": 100,
					"Type": "Angle",
					"Reflect": false
				},
				{
					"Destination": {
						"Target": "Parameter",
						"Id": "Param47"
					},
					"VertexIndex": 3,
					"Scale": 0.941,
					"Weight": 100,
					"Type": "Angle",
					"Reflect": false
				}
			],
			"Vertices": [
				{
					"Position": {
						"X": 0,
						"Y": 0
					},
					"Mobility": 1,
					"Delay": 1,
					"Acceleration": 1,
					"Radius": 0
				},
				{
					"Position": {
						"X": 0,
						"Y": 6
					},
					"Mobility": 0.912,
					"Delay": 0.92,
					"Acceleration": 1.05,
					"Radius": 6
				},
				{
					"Position": {
						"X": 0,
						"Y": 12
					},
					"Mobility": 0.91,
					"Delay": 0.92,
					"Acceleration": 1.03,
					"Radius": 6
				},
				{
					"Position": {
						"X": 0,
						"Y": 18
					},
					"Mobility": 0.9,
					"Delay": 0.92,
					"Acceleration": 1,
					"Radius": 6
				}
			],
			"Normalization": {
				"Position": {
					"Minimum": -10,
					"Default": 0,
					"Maximum": 10
				},
				"Angle": {
					"Minimum": -10,
					"Default": 0,
					"Maximum": 10
				}
			}
		},
		{
			"Id": "PhysicsSetting16",
			"Input": [
				{
					"Source": {
						"Target": "Parameter",
						"Id": "ParamAngleX"
					},
					"Weight": 25,
					"Type": "X",
					"Reflect": false
				},
				{
					"Source": {
						"Target": "Parameter",
						"Id": "ParamAngleY"
					},
					"Weight": 75,
					"Type": "X",
					"Reflect": true
				},
				{
					"Source": {
						"Target": "Parameter",
						"Id": "ParamBreath"
					},
					"Weight": 15,
					"Type": "Angle",
					"Reflect": false
				}
			],
			"Output": [
				{
					"Destination": {
						"Target": "Parameter",
						"Id": "Param44"
					},
					"VertexIndex": 1,
					"Scale": 1.457,
					"Weight": 30,
					"Type": "Angle",
					"Reflect": false
				},
				{
					"Destination": {
						"Target": "Parameter",
						"Id": "Param46"
					},
					"VertexIndex": 2,
					"Scale": 1.215,
					"Weight": 30,
					"Type": "Angle",
					"Reflect": false
				},
				{
					"Destination": {
						"Target": "Parameter",
						"Id": "Param48"
					},
					"VertexIndex": 3,
					"Scale": 0.941,
					"Weight": 30,
					"Type": "Angle",
					"Reflect": false
				}
			],
			"Vertices": [
				{
					"Position": {
						"X": 0,
						"Y": 0
					},
					"Mobility": 1,
					"Delay": 1,
					"Acceleration": 1,
					"Radius": 0
				},
				{
					"Position": {
						"X": 0,
						"Y": 6
					},
					"Mobility": 0.912,
					"Delay": 0.92,
					"Acceleration": 1.05,
					"Radius": 6
				},
				{
					"Position": {
						"X": 0,
						"Y": 12
					},
					"Mobility": 0.91,
					"Delay": 0.92,
					"Acceleration": 1.03,
					"Radius": 6
				},
				{
					"Position": {
						"X": 0,
						"Y": 18
					},
					"Mobility": 0.9,
					"Delay": 0.92,
					"Acceleration": 1,
					"Radius": 6
				}
			],
			"Normalization": {
				"Position": {
					"Minimum": -10,
					"Default": 0,
					"Maximum": 10
				},
				"Angle": {
					"Minimum": -10,
					"Default": 0,
					"Maximum": 10
				}
			}
		},
		{
			"Id": "PhysicsSetting17",
			"Input": [
				{
					"Source": {
						"Target": "Parameter",
						"Id": "ParamAngleX"
					},
					"Weight": 60,
					"Type": "X",
					"Reflect": true
				},
				{
					"Source": {
						"Target": "Parameter",
						"Id": "ParamAngleZ"
					},
					"Weight": 50,
					"Type": "Angle",
					"Reflect": true
				},
				{
					"Source": {
						"Target": "Parameter",
						"Id": "ParamAngleY"
					},
					"Weight": 40,
					"Type": "X",
					"Reflect": false
				}
			],
			"Output": [
				{
					"Destination": {
						"Target": "Parameter",
						"Id": "Param49"
					},
					"VertexIndex": 1,
					"Scale": 1.795,
					"Weight": 100,
					"Type": "Angle",
					"Reflect": false
				},
				{
					"Destination": {
						"Target": "Parameter",
						"Id": "Param51"
					},
					"VertexIndex": 2,
					"Scale": 1.499,
					"Weight": 100,
					"Type": "Angle",
					"Reflect": false
				},
				{
					"Destination": {
						"Target": "Parameter",
						"Id": "Param53"
					},
					"VertexIndex": 3,
					"Scale": 1.019,
					"Weight": 100,
					"Type": "Angle",
					"Reflect": false
				}
			],
			"Vertices": [
				{
					"Position": {
						"X": 0,
						"Y": 0
					},
					"Mobility": 1,
					"Delay": 1,
					"Acceleration": 1,
					"Radius": 0
				},
				{
					"Position": {
						"X": 0,
						"Y": 12.6
					},
					"Mobility": 0.92,
					"Delay": 0.91,
					"Acceleration": 0.8,
					"Radius": 12.6
				},
				{
					"Position": {
						"X": 0,
						"Y": 23
					},
					"Mobility": 0.92,
					"Delay": 0.92,
					"Acceleration": 0.87,
					"Radius": 10.4
				},
				{
					"Position": {
						"X": 0,
						"Y": 32.3
					},
					"Mobility": 0.92,
					"Delay": 0.87,
					"Acceleration": 0.78,
					"Radius": 9.3
				}
			],
			"Normalization": {
				"Position": {
					"Minimum": -10,
					"Default": 0,
					"Maximum": 10
				},
				"Angle": {
					"Minimum": -10,
					"Default": 0,
					"Maximum": 10
				}
			}
		},
		{
			"Id": "PhysicsSetting18",
			"Input": [
				{
					"Source": {
						"Target": "Parameter",
						"Id": "ParamAngleX"
					},
					"Weight": 25,
					"Type": "X",
					"Reflect": false
				},
				{
					"Source": {
						"Target": "Parameter",
						"Id": "ParamAngleY"
					},
					"Weight": 75,
					"Type": "X",
					"Reflect": false
				},
				{
					"Source": {
						"Target": "Parameter",
						"Id": "ParamBreath"
					},
					"Weight": 15,
					"Type": "Angle",
					"Reflect": false
				}
			],
			"Output": [
				{
					"Destination": {
						"Target": "Parameter",
						"Id": "Param50"
					},
					"VertexIndex": 1,
					"Scale": 1.544,
					"Weight": 35,
					"Type": "Angle",
					"Reflect": false
				},
				{
					"Destination": {
						"Target": "Parameter",
						"Id": "Param52"
					},
					"VertexIndex": 2,
					"Scale": 1.45,
					"Weight": 35,
					"Type": "Angle",
					"Reflect": false
				},
				{
					"Destination": {
						"Target": "Parameter",
						"Id": "Param54"
					},
					"VertexIndex": 3,
					"Scale": 1.019,
					"Weight": 35,
					"Type": "Angle",
					"Reflect": false
				}
			],
			"Vertices": [
				{
					"Position": {
						"X": 0,
						"Y": 0
					},
					"Mobility": 1,
					"Delay": 1,
					"Acceleration": 1,
					"Radius": 0
				},
				{
					"Position": {
						"X": 0,
						"Y": 12.6
					},
					"Mobility": 0.92,
					"Delay": 0.91,
					"Acceleration": 0.8,
					"Radius": 12.6
				},
				{
					"Position": {
						"X": 0,
						"Y": 23
					},
					"Mobility": 0.92,
					"Delay": 0.92,
					"Acceleration": 0.87,
					"Radius": 10.4
				},
				{
					"Position": {
						"X": 0,
						"Y": 32.3
					},
					"Mobility": 0.92,
					"Delay": 0.87,
					"Acceleration": 0.78,
					"Radius": 9.3
				}
			],
			"Normalization": {
				"Position": {
					"Minimum": -10,
					"Default": 0,
					"Maximum": 10
				},
				"Angle": {
					"Minimum": -10,
					"Default": 0,
					"Maximum": 10
				}
			}
		},
		{
			"Id": "PhysicsSetting19",
			"Input": [
				{
					"Source": {
						"Target": "Parameter",
						"Id": "ParamBodyAngleX"
					},
					"Weight": 70,
					"Type": "X",
					"Reflect": false
				},
				{
					"Source": {
						"Target": "Parameter",
						"Id": "ParamBodyAngleZ"
					},
					"Weight": 100,
					"Type": "Angle",
					"Reflect": false
				},
				{
					"Source": {
						"Target": "Parameter",
						"Id": "ParamBodyAngleY"
					},
					"Weight": 30,
					"Type": "X",
					"Reflect": false
				}
			],
			"Output": [
				{
					"Destination": {
						"Target": "Parameter",
						"Id": "Param55"
					},
					"VertexIndex": 1,
					"Scale": 0.798,
					"Weight": 100,
					"Type": "Angle",
					"Reflect": false
				},
				{
					"Destination": {
						"Target": "Parameter",
						"Id": "Param57"
					},
					"VertexIndex": 2,
					"Scale": 0.329,
					"Weight": 100,
					"Type": "Angle",
					"Reflect": false
				}
			],
			"Vertices": [
				{
					"Position": {
						"X": 0,
						"Y": 0
					},
					"Mobility": 1,
					"Delay": 0.91,
					"Acceleration": 0.88,
					"Radius": 5
				},
				{
					"Position": {
						"X": 0,
						"Y": 5
					},
					"Mobility": 0.96,
					"Delay": 0.91,
					"Acceleration": 0.88,
					"Radius": 5
				},
				{
					"Position": {
						"X": 0,
						"Y": 10
					},
					"Mobility": 0.95,
					"Delay": 0.91,
					"Acceleration": 0.88,
					"Radius": 5
				}
			],
			"Normalization": {
				"Position": {
					"Minimum": -10,
					"Default": 0,
					"Maximum": 10
				},
				"Angle": {
					"Minimum": -10,
					"Default": 0,
					"Maximum": 10
				}
			}
		},
		{
			"Id": "PhysicsSetting20",
			"Input": [
				{
					"Source": {
						"Target": "Parameter",
						"Id": "ParamAngleX"
					},
					"Weight": 60,
					"Type": "X",
					"Reflect": false
				},
				{
					"Source": {
						"Target": "Parameter",
						"Id": "ParamAngleZ"
					},
					"Weight": 50,
					"Type": "Angle",
					"Reflect": false
				},
				{
					"Source": {
						"Target": "Parameter",
						"Id": "ParamAngleY"
					},
					"Weight": 40,
					"Type": "X",
					"Reflect": true
				}
			],
			"Output": [
				{
					"Destination": {
						"Target": "Parameter",
						"Id": "Param59"
					},
					"VertexIndex": 1,
					"Scale": 2.044,
					"Weight": 50,
					"Type": "Angle",
					"Reflect": false
				},
				{
					"Destination": {
						"Target": "Parameter",
						"Id": "Param61"
					},
					"VertexIndex": 2,
					"Scale": 1.621,
					"Weight": 50,
					"Type": "Angle",
					"Reflect": false
				},
				{
					"Destination": {
						"Target": "Parameter",
						"Id": "Param63"
					},
					"VertexIndex": 3,
					"Scale": 1.4,
					"Weight": 73,
					"Type": "Angle",
					"Reflect": false
				},
				{
					"Destination": {
						"Target": "Parameter",
						"Id": "Param65"
					},
					"VertexIndex": 4,
					"Scale": 0.824,
					"Weight": 80,
					"Type": "Angle",
					"Reflect": true
				}
			],
			"Vertices": [
				{
					"Position": {
						"X": 0,
						"Y": 0
					},
					"Mobility": 1,
					"Delay": 1,
					"Acceleration": 1,
					"Radius": 0
				},
				{
					"Position": {
						"X": 0,
						"Y": 14
					},
					"Mobility": 0.9,
					"Delay": 0.89,
					"Acceleration": 1.05,
					"Radius": 14
				},
				{
					"Position": {
						"X": 0,
						"Y": 26
					},
					"Mobility": 0.91,
					"Delay": 0.88,
					"Acceleration": 1.03,
					"Radius": 12
				},
				{
					"Position": {
						"X": 0,
						"Y": 36
					},
					"Mobility": 0.92,
					"Delay": 0.87,
					"Acceleration": 1,
					"Radius": 10
				},
				{
					"Position": {
						"X": 0,
						"Y": 45
					},
					"Mobility": 0.93,
					"Delay": 0.86,
					"Acceleration": 0.8,
					"Radius": 9
				}
			],
			"Normalization": {
				"Position": {
					"Minimum": -10,
					"Default": 0,
					"Maximum": 10
				},
				"Angle": {
					"Minimum": -10,
					"Default": 0,
					"Maximum": 10
				}
			}
		},
		{
			"Id": "PhysicsSetting21",
			"Input": [
				{
					"Source": {
						"Target": "Parameter",
						"Id": "ParamAngleX"
					},
					"Weight": 60,
					"Type": "X",
					"Reflect": false
				},
				{
					"Source": {
						"Target": "Parameter",
						"Id": "ParamAngleZ"
					},
					"Weight": 50,
					"Type": "Angle",
					"Reflect": false
				},
				{
					"Source": {
						"Target": "Parameter",
						"Id": "ParamAngleY"
					},
					"Weight": 40,
					"Type": "X",
					"Reflect": false
				}
			],
			"Output": [
				{
					"Destination": {
						"Target": "Parameter",
						"Id": "Param67"
					},
					"VertexIndex": 1,
					"Scale": 2.044,
					"Weight": 100,
					"Type": "Angle",
					"Reflect": false
				},
				{
					"Destination": {
						"Target": "Parameter",
						"Id": "Param69"
					},
					"VertexIndex": 2,
					"Scale": 1.621,
					"Weight": 100,
					"Type": "Angle",
					"Reflect": false
				},
				{
					"Destination": {
						"Target": "Parameter",
						"Id": "Param71"
					},
					"VertexIndex": 3,
					"Scale": 1.4,
					"Weight": 100,
					"Type": "Angle",
					"Reflect": false
				},
				{
					"Destination": {
						"Target": "Parameter",
						"Id": "Param73"
					},
					"VertexIndex": 4,
					"Scale": 0.824,
					"Weight": 100,
					"Type": "Angle",
					"Reflect": true
				}
			],
			"Vertices": [
				{
					"Position": {
						"X": 0,
						"Y": 0
					},
					"Mobility": 1,
					"Delay": 1,
					"Acceleration": 1,
					"Radius": 0
				},
				{
					"Position": {
						"X": 0,
						"Y": 14
					},
					"Mobility": 0.9,
					"Delay": 0.89,
					"Acceleration": 1.05,
					"Radius": 14
				},
				{
					"Position": {
						"X": 0,
						"Y": 26
					},
					"Mobility": 0.91,
					"Delay": 0.88,
					"Acceleration": 1.03,
					"Radius": 12
				},
				{
					"Position": {
						"X": 0,
						"Y": 36
					},
					"Mobility": 0.92,
					"Delay": 0.87,
					"Acceleration": 1,
					"Radius": 10
				},
				{
					"Position": {
						"X": 0,
						"Y": 45
					},
					"Mobility": 0.93,
					"Delay": 0.86,
					"Acceleration": 0.8,
					"Radius": 9
				}
			],
			"Normalization": {
				"Position": {
					"Minimum": -10,
					"Default": 0,
					"Maximum": 10
				},
				"Angle": {
					"Minimum": -10,
					"Default": 0,
					"Maximum": 10
				}
			}
		},
		{
			"Id": "PhysicsSetting22",
			"Input": [
				{
					"Source": {
						"Target": "Parameter",
						"Id": "ParamAngleX"
					},
					"Weight": 25,
					"Type": "X",
					"Reflect": false
				},
				{
					"Source": {
						"Target": "Parameter",
						"Id": "ParamAngleY"
					},
					"Weight": 75,
					"Type": "X",
					"Reflect": false
				},
				{
					"Source": {
						"Target": "Parameter",
						"Id": "ParamBreath"
					},
					"Weight": 15,
					"Type": "Angle",
					"Reflect": false
				}
			],
			"Output": [
				{
					"Destination": {
						"Target": "Parameter",
						"Id": "Param60"
					},
					"VertexIndex": 1,
					"Scale": 1.624,
					"Weight": 30,
					"Type": "Angle",
					"Reflect": false
				},
				{
					"Destination": {
						"Target": "Parameter",
						"Id": "Param62"
					},
					"VertexIndex": 2,
					"Scale": 1.404,
					"Weight": 30,
					"Type": "Angle",
					"Reflect": false
				},
				{
					"Destination": {
						"Target": "Parameter",
						"Id": "Param64"
					},
					"VertexIndex": 3,
					"Scale": 1.261,
					"Weight": 30,
					"Type": "Angle",
					"Reflect": false
				},
				{
					"Destination": {
						"Target": "Parameter",
						"Id": "Param66"
					},
					"VertexIndex": 4,
					"Scale": 0.741,
					"Weight": 30,
					"Type": "Angle",
					"Reflect": false
				}
			],
			"Vertices": [
				{
					"Position": {
						"X": 0,
						"Y": 0
					},
					"Mobility": 1,
					"Delay": 1,
					"Acceleration": 1,
					"Radius": 0
				},
				{
					"Position": {
						"X": 0,
						"Y": 14
					},
					"Mobility": 0.9,
					"Delay": 0.89,
					"Acceleration": 1.05,
					"Radius": 14
				},
				{
					"Position": {
						"X": 0,
						"Y": 26
					},
					"Mobility": 0.91,
					"Delay": 0.88,
					"Acceleration": 1.03,
					"Radius": 12
				},
				{
					"Position": {
						"X": 0,
						"Y": 36
					},
					"Mobility": 0.92,
					"Delay": 0.87,
					"Acceleration": 1,
					"Radius": 10
				},
				{
					"Position": {
						"X": 0,
						"Y": 45
					},
					"Mobility": 0.93,
					"Delay": 0.86,
					"Acceleration": 0.8,
					"Radius": 9
				}
			],
			"Normalization": {
				"Position": {
					"Minimum": -10,
					"Default": 0,
					"Maximum": 10
				},
				"Angle": {
					"Minimum": -10,
					"Default": 0,
					"Maximum": 10
				}
			}
		},
		{
			"Id": "PhysicsSetting23",
			"Input": [
				{
					"Source": {
						"Target": "Parameter",
						"Id": "ParamAngleX"
					},
					"Weight": 25,
					"Type": "X",
					"Reflect": false
				},
				{
					"Source": {
						"Target": "Parameter",
						"Id": "ParamAngleY"
					},
					"Weight": 75,
					"Type": "X",
					"Reflect": true
				},
				{
					"Source": {
						"Target": "Parameter",
						"Id": "ParamBreath"
					},
					"Weight": 15,
					"Type": "Angle",
					"Reflect": false
				}
			],
			"Output": [
				{
					"Destination": {
						"Target": "Parameter",
						"Id": "Param68"
					},
					"VertexIndex": 1,
					"Scale": 1.625,
					"Weight": 30,
					"Type": "Angle",
					"Reflect": true
				},
				{
					"Destination": {
						"Target": "Parameter",
						"Id": "Param70"
					},
					"VertexIndex": 2,
					"Scale": 1.404,
					"Weight": 30,
					"Type": "Angle",
					"Reflect": true
				},
				{
					"Destination": {
						"Target": "Parameter",
						"Id": "Param72"
					},
					"VertexIndex": 3,
					"Scale": 1.261,
					"Weight": 30,
					"Type": "Angle",
					"Reflect": false
				},
				{
					"Destination": {
						"Target": "Parameter",
						"Id": "Param74"
					},
					"VertexIndex": 4,
					"Scale": 0.741,
					"Weight": 30,
					"Type": "Angle",
					"Reflect": false
				}
			],
			"Vertices": [
				{
					"Position": {
						"X": 0,
						"Y": 0
					},
					"Mobility": 1,
					"Delay": 1,
					"Acceleration": 1,
					"Radius": 0
				},
				{
					"Position": {
						"X": 0,
						"Y": 14
					},
					"Mobility": 0.9,
					"Delay": 0.89,
					"Acceleration": 1.05,
					"Radius": 14
				},
				{
					"Position": {
						"X": 0,
						"Y": 26
					},
					"Mobility": 0.91,
					"Delay": 0.88,
					"Acceleration": 1.03,
					"Radius": 12
				},
				{
					"Position": {
						"X": 0,
						"Y": 36
					},
					"Mobility": 0.92,
					"Delay": 0.87,
					"Acceleration": 1,
					"Radius": 10
				},
				{
					"Position": {
						"X": 0,
						"Y": 45
					},
					"Mobility": 0.93,
					"Delay": 0.86,
					"Acceleration": 0.8,
					"Radius": 9
				}
			],
			"Normalization": {
				"Position": {
					"Minimum": -10,
					"Default": 0,
					"Maximum": 10
				},
				"Angle": {
					"Minimum": -10,
					"Default": 0,
					"Maximum": 10
				}
			}
		},
		{
			"Id": "PhysicsSetting24",
			"Input": [
				{
					"Source": {
						"Target": "Parameter",
						"Id": "ParamBodyAngleX"
					},
					"Weight": 60,
					"Type": "X",
					"Reflect": false
				},
				{
					"Source": {
						"Target": "Parameter",
						"Id": "ParamBodyAngleZ"
					},
					"Weight": 100,
					"Type": "Angle",
					"Reflect": false
				},
				{
					"Source": {
						"Target": "Parameter",
						"Id": "ParamBodyAngleY"
					},
					"Weight": 40,
					"Type": "X",
					"Reflect": true
				}
			],
			"Output": [
				{
					"Destination": {
						"Target": "Parameter",
						"Id": "Param76"
					},
					"VertexIndex": 1,
					"Scale": 2.276,
					"Weight": 100,
					"Type": "Angle",
					"Reflect": false
				},
				{
					"Destination": {
						"Target": "Parameter",
						"Id": "Param77"
					},
					"VertexIndex": 2,
					"Scale": 2.136,
					"Weight": 100,
					"Type": "Angle",
					"Reflect": false
				},
				{
					"Destination": {
						"Target": "Parameter",
						"Id": "Param78"
					},
					"VertexIndex": 3,
					"Scale": 2.245,
					"Weight": 100,
					"Type": "Angle",
					"Reflect": false
				},
				{
					"Destination": {
						"Target": "Parameter",
						"Id": "Param79"
					},
					"VertexIndex": 4,
					"Scale": 2.503,
					"Weight": 100,
					"Type": "Angle",
					"Reflect": false
				},
				{
					"Destination": {
						"Target": "Parameter",
						"Id": "Param80"
					},
					"VertexIndex": 5,
					"Scale": 2.895,
					"Weight": 100,
					"Type": "Angle",
					"Reflect": false
				}
			],
			"Vertices": [
				{
					"Position": {
						"X": 0,
						"Y": 0
					},
					"Mobility": 1,
					"Delay": 1,
					"Acceleration": 1,
					"Radius": 0
				},
				{
					"Position": {
						"X": 0,
						"Y": 13.6
					},
					"Mobility": 0.92,
					"Delay": 0.76,
					"Acceleration": 0.8,
					"Radius": 13.6
				},
				{
					"Position": {
						"X": 0,
						"Y": 25.6
					},
					"Mobility": 0.92,
					"Delay": 0.85,
					"Acceleration": 0.97,
					"Radius": 12
				},
				{
					"Position": {
						"X": 0,
						"Y": 35.6
					},
					"Mobility": 0.92,
					"Delay": 0.95,
					"Acceleration": 0.7,
					"Radius": 10
				},
				{
					"Position": {
						"X": 0,
						"Y": 45.2
					},
					"Mobility": 0.92,
					"Delay": 0.96,
					"Acceleration": 0.87,
					"Radius": 9.6
				},
				{
					"Position": {
						"X": 0,
						"Y": 53.2
					},
					"Mobility": 0.92,
					"Delay": 1,
					"Acceleration": 0.9,
					"Radius": 8
				},
				{
					"Position": {
						"X": 0,
						"Y": 59.2
					},
					"Mobility": 0.92,
					"Delay": 1.02,
					"Acceleration": 1,
					"Radius": 6
				}
			],
			"Normalization": {
				"Position": {
					"Minimum": -10,
					"Default": 0,
					"Maximum": 10
				},
				"Angle": {
					"Minimum": -10,
					"Default": 0,
					"Maximum": 10
				}
			}
		},
		{
			"Id": "PhysicsSetting25",
			"Input": [
				{
					"Source": {
						"Target": "Parameter",
						"Id": "ParamBodyAngleX"
					},
					"Weight": 60,
					"Type": "X",
					"Reflect": false
				},
				{
					"Source": {
						"Target": "Parameter",
						"Id": "ParamBodyAngleZ"
					},
					"Weight": 100,
					"Type": "Angle",
					"Reflect": false
				},
				{
					"Source": {
						"Target": "Parameter",
						"Id": "ParamBodyAngleY"
					},
					"Weight": 40,
					"Type": "X",
					"Reflect": false
				}
			],
			"Output": [
				{
					"Destination": {
						"Target": "Parameter",
						"Id": "Param81"
					},
					"VertexIndex": 1,
					"Scale": 1.874,
					"Weight": 100,
					"Type": "Angle",
					"Reflect": false
				},
				{
					"Destination": {
						"Target": "Parameter",
						"Id": "Param82"
					},
					"VertexIndex": 2,
					"Scale": 2.103,
					"Weight": 100,
					"Type": "Angle",
					"Reflect": false
				},
				{
					"Destination": {
						"Target": "Parameter",
						"Id": "Param83"
					},
					"VertexIndex": 3,
					"Scale": 2.088,
					"Weight": 100,
					"Type": "Angle",
					"Reflect": false
				},
				{
					"Destination": {
						"Target": "Parameter",
						"Id": "Param84"
					},
					"VertexIndex": 4,
					"Scale": 2.287,
					"Weight": 100,
					"Type": "Angle",
					"Reflect": false
				},
				{
					"Destination": {
						"Target": "Parameter",
						"Id": "Param85"
					},
					"VertexIndex": 5,
					"Scale": 2.743,
					"Weight": 100,
					"Type": "Angle",
					"Reflect": false
				}
			],
			"Vertices": [
				{
					"Position": {
						"X": 0,
						"Y": 0
					},
					"Mobility": 1,
					"Delay": 1,
					"Acceleration": 1,
					"Radius": 0
				},
				{
					"Position": {
						"X": 0,
						"Y": 13.6
					},
					"Mobility": 0.92,
					"Delay": 0.76,
					"Acceleration": 0.8,
					"Radius": 13.6
				},
				{
					"Position": {
						"X": 0,
						"Y": 25.6
					},
					"Mobility": 0.92,
					"Delay": 0.85,
					"Acceleration": 0.97,
					"Radius": 12
				},
				{
					"Position": {
						"X": 0,
						"Y": 35.6
					},
					"Mobility": 0.92,
					"Delay": 0.95,
					"Acceleration": 0.7,
					"Radius": 10
				},
				{
					"Position": {
						"X": 0,
						"Y": 45.2
					},
					"Mobility": 0.92,
					"Delay": 0.96,
					"Acceleration": 0.87,
					"Radius": 9.6
				},
				{
					"Position": {
						"X": 0,
						"Y": 53.2
					},
					"Mobility": 0.92,
					"Delay": 1,
					"Acceleration": 0.9,
					"Radius": 8
				},
				{
					"Position": {
						"X": 0,
						"Y": 59.2
					},
					"Mobility": 0.92,
					"Delay": 1.02,
					"Acceleration": 1,
					"Radius": 6
				}
			],
			"Normalization": {
				"Position": {
					"Minimum": -10,
					"Default": 0,
					"Maximum": 10
				},
				"Angle": {
					"Minimum": -10,
					"Default": 0,
					"Maximum": 10
				}
			}
		},
		{
			"Id": "PhysicsSetting26",
			"Input": [
				{
					"Source": {
						"Target": "Parameter",
						"Id": "ParamBodyAngleX"
					},
					"Weight": 70,
					"Type": "X",
					"Reflect": false
				},
				{
					"Source": {
						"Target": "Parameter",
						"Id": "ParamBodyAngleZ"
					},
					"Weight": 100,
					"Type": "Angle",
					"Reflect": false
				},
				{
					"Source": {
						"Target": "Parameter",
						"Id": "ParamBodyAngleY"
					},
					"Weight": 30,
					"Type": "X",
					"Reflect": false
				}
			],
			"Output": [
				{
					"Destination": {
						"Target": "Parameter",
						"Id": "Param88"
					},
					"VertexIndex": 1,
					"Scale": 1.498,
					"Weight": 100,
					"Type": "Angle",
					"Reflect": false
				},
				{
					"Destination": {
						"Target": "Parameter",
						"Id": "Param90"
					},
					"VertexIndex": 2,
					"Scale": 1.254,
					"Weight": 100,
					"Type": "Angle",
					"Reflect": false
				}
			],
			"Vertices": [
				{
					"Position": {
						"X": 0,
						"Y": 0
					},
					"Mobility": 1,
					"Delay": 1,
					"Acceleration": 1,
					"Radius": 0
				},
				{
					"Position": {
						"X": 0,
						"Y": 12
					},
					"Mobility": 0.91,
					"Delay": 0.9,
					"Acceleration": 0.99,
					"Radius": 12
				},
				{
					"Position": {
						"X": 0,
						"Y": 21
					},
					"Mobility": 0.91,
					"Delay": 0.9,
					"Acceleration": 0.97,
					"Radius": 9
				},
				{
					"Position": {
						"X": 0,
						"Y": 28
					},
					"Mobility": 0.91,
					"Delay": 0.91,
					"Acceleration": 0.96,
					"Radius": 7
				},
				{
					"Position": {
						"X": 0,
						"Y": 33
					},
					"Mobility": 0.91,
					"Delay": 0.88,
					"Acceleration": 0.8,
					"Radius": 5
				}
			],
			"Normalization": {
				"Position": {
					"Minimum": -10,
					"Default": 0,
					"Maximum": 10
				},
				"Angle": {
					"Minimum": -10,
					"Default": 0,
					"Maximum": 10
				}
			}
		},
		{
			"Id": "PhysicsSetting27",
			"Input": [
				{
					"Source": {
						"Target": "Parameter",
						"Id": "ParamBodyAngleY"
					},
					"Weight": 80,
					"Type": "X",
					"Reflect": false
				},
				{
					"Source": {
						"Target": "Parameter",
						"Id": "ParamBreath"
					},
					"Weight": 18,
					"Type": "Angle",
					"Reflect": false
				},
				{
					"Source": {
						"Target": "Parameter",
						"Id": "ParamBodyAngleX"
					},
					"Weight": 20,
					"Type": "X",
					"Reflect": false
				},
				{
					"Source": {
						"Target": "Parameter",
						"Id": "ParamBodyAngleZ"
					},
					"Weight": 40,
					"Type": "Angle",
					"Reflect": false
				}
			],
			"Output": [
				{
					"Destination": {
						"Target": "Parameter",
						"Id": "Param89"
					},
					"VertexIndex": 1,
					"Scale": 1.498,
					"Weight": 100,
					"Type": "Angle",
					"Reflect": false
				},
				{
					"Destination": {
						"Target": "Parameter",
						"Id": "Param91"
					},
					"VertexIndex": 2,
					"Scale": 1.254,
					"Weight": 100,
					"Type": "Angle",
					"Reflect": false
				}
			],
			"Vertices": [
				{
					"Position": {
						"X": 0,
						"Y": 0
					},
					"Mobility": 1,
					"Delay": 1,
					"Acceleration": 1,
					"Radius": 0
				},
				{
					"Position": {
						"X": 0,
						"Y": 12
					},
					"Mobility": 0.91,
					"Delay": 0.9,
					"Acceleration": 0.99,
					"Radius": 12
				},
				{
					"Position": {
						"X": 0,
						"Y": 21
					},
					"Mobility": 0.91,
					"Delay": 0.9,
					"Acceleration": 0.97,
					"Radius": 9
				},
				{
					"Position": {
						"X": 0,
						"Y": 28
					},
					"Mobility": 0.91,
					"Delay": 0.91,
					"Acceleration": 0.96,
					"Radius": 7
				},
				{
					"Position": {
						"X": 0,
						"Y": 33
					},
					"Mobility": 0.91,
					"Delay": 0.88,
					"Acceleration": 0.8,
					"Radius": 5
				}
			],
			"Normalization": {
				"Position": {
					"Minimum": -10,
					"Default": 0,
					"Maximum": 10
				},
				"Angle": {
					"Minimum": -10,
					"Default": 0,
					"Maximum": 10
				}
			}
		},
		{
			"Id": "PhysicsSetting28",
			"Input": [
				{
					"Source": {
						"Target": "Parameter",
						"Id": "ParamBodyAngleX"
					},
					"Weight": 70,
					"Type": "X",
					"Reflect": false
				},
				{
					"Source": {
						"Target": "Parameter",
						"Id": "ParamBodyAngleZ"
					},
					"Weight": 100,
					"Type": "Angle",
					"Reflect": false
				},
				{
					"Source": {
						"Target": "Parameter",
						"Id": "ParamBodyAngleY"
					},
					"Weight": 30,
					"Type": "X",
					"Reflect": false
				}
			],
			"Output": [
				{
					"Destination": {
						"Target": "Parameter",
						"Id": "Param98"
					},
					"VertexIndex": 1,
					"Scale": 0.703,
					"Weight": 100,
					"Type": "Angle",
					"Reflect": false
				},
				{
					"Destination": {
						"Target": "Parameter",
						"Id": "Param100"
					},
					"VertexIndex": 2,
					"Scale": 0.972,
					"Weight": 100,
					"Type": "Angle",
					"Reflect": false
				},
				{
					"Destination": {
						"Target": "Parameter",
						"Id": "Param102"
					},
					"VertexIndex": 3,
					"Scale": 0.485,
					"Weight": 100,
					"Type": "Angle",
					"Reflect": false
				}
			],
			"Vertices": [
				{
					"Position": {
						"X": 0,
						"Y": 0
					},
					"Mobility": 1,
					"Delay": 1,
					"Acceleration": 0.82,
					"Radius": 9
				},
				{
					"Position": {
						"X": 0,
						"Y": 9
					},
					"Mobility": 0.92,
					"Delay": 0.91,
					"Acceleration": 0.82,
					"Radius": 9
				},
				{
					"Position": {
						"X": 0,
						"Y": 18
					},
					"Mobility": 0.95,
					"Delay": 0.92,
					"Acceleration": 0.82,
					"Radius": 9
				},
				{
					"Position": {
						"X": 0,
						"Y": 27
					},
					"Mobility": 0.96,
					"Delay": 0.87,
					"Acceleration": 0.82,
					"Radius": 9
				}
			],
			"Normalization": {
				"Position": {
					"Minimum": -10,
					"Default": 0,
					"Maximum": 10
				},
				"Angle": {
					"Minimum": -10,
					"Default": 0,
					"Maximum": 10
				}
			}
		},
		{
			"Id": "PhysicsSetting29",
			"Input": [
				{
					"Source": {
						"Target": "Parameter",
						"Id": "ParamBodyAngleX"
					},
					"Weight": 70,
					"Type": "X",
					"Reflect": false
				},
				{
					"Source": {
						"Target": "Parameter",
						"Id": "ParamBodyAngleZ"
					},
					"Weight": 100,
					"Type": "Angle",
					"Reflect": false
				},
				{
					"Source": {
						"Target": "Parameter",
						"Id": "ParamBodyAngleY"
					},
					"Weight": 30,
					"Type": "X",
					"Reflect": false
				}
			],
			"Output": [
				{
					"Destination": {
						"Target": "Parameter",
						"Id": "Param104"
					},
					"VertexIndex": 1,
					"Scale": 1.437,
					"Weight": 100,
					"Type": "Angle",
					"Reflect": false
				},
				{
					"Destination": {
						"Target": "Parameter",
						"Id": "Param106"
					},
					"VertexIndex": 2,
					"Scale": 1.433,
					"Weight": 100,
					"Type": "Angle",
					"Reflect": false
				},
				{
					"Destination": {
						"Target": "Parameter",
						"Id": "Param108"
					},
					"VertexIndex": 3,
					"Scale": 1.613,
					"Weight": 100,
					"Type": "Angle",
					"Reflect": false
				}
			],
			"Vertices": [
				{
					"Position": {
						"X": 0,
						"Y": 0
					},
					"Mobility": 0.9,
					"Delay": 1,
					"Acceleration": 1,
					"Radius": 0
				},
				{
					"Position": {
						"X": 0,
						"Y": 13
					},
					"Mobility": 0.9,
					"Delay": 0.8,
					"Acceleration": 0.8,
					"Radius": 13
				},
				{
					"Position": {
						"X": 0,
						"Y": 25
					},
					"Mobility": 0.9,
					"Delay": 0.85,
					"Acceleration": 0.82,
					"Radius": 12
				},
				{
					"Position": {
						"X": 0,
						"Y": 36
					},
					"Mobility": 0.9,
					"Delay": 0.87,
					"Acceleration": 0.84,
					"Radius": 11
				},
				{
					"Position": {
						"X": 0,
						"Y": 46
					},
					"Mobility": 0.9,
					"Delay": 0.9,
					"Acceleration": 0.86,
					"Radius": 10
				}
			],
			"Normalization": {
				"Position": {
					"Minimum": -10,
					"Default": 0,
					"Maximum": 10
				},
				"Angle": {
					"Minimum": -10,
					"Default": 0,
					"Maximum": 10
				}
			}
		},
		{
			"Id": "PhysicsSetting30",
			"Input": [
				{
					"Source": {
						"Target": "Parameter",
						"Id": "ParamBodyAngleY"
					},
					"Weight": 80,
					"Type": "X",
					"Reflect": true
				},
				{
					"Source": {
						"Target": "Parameter",
						"Id": "ParamBreath"
					},
					"Weight": 18,
					"Type": "Angle",
					"Reflect": false
				},
				{
					"Source": {
						"Target": "Parameter",
						"Id": "ParamBodyAngleX"
					},
					"Weight": 20,
					"Type": "X",
					"Reflect": false
				},
				{
					"Source": {
						"Target": "Parameter",
						"Id": "ParamBodyAngleZ"
					},
					"Weight": 40,
					"Type": "Angle",
					"Reflect": false
				}
			],
			"Output": [
				{
					"Destination": {
						"Target": "Parameter",
						"Id": "Param105"
					},
					"VertexIndex": 1,
					"Scale": 1.363,
					"Weight": 50,
					"Type": "Angle",
					"Reflect": false
				},
				{
					"Destination": {
						"Target": "Parameter",
						"Id": "Param107"
					},
					"VertexIndex": 2,
					"Scale": 1.38,
					"Weight": 50,
					"Type": "Angle",
					"Reflect": false
				},
				{
					"Destination": {
						"Target": "Parameter",
						"Id": "Param109"
					},
					"VertexIndex": 3,
					"Scale": 1.566,
					"Weight": 50,
					"Type": "Angle",
					"Reflect": false
				}
			],
			"Vertices": [
				{
					"Position": {
						"X": 0,
						"Y": 0
					},
					"Mobility": 0.9,
					"Delay": 1,
					"Acceleration": 1,
					"Radius": 0
				},
				{
					"Position": {
						"X": 0,
						"Y": 13
					},
					"Mobility": 0.9,
					"Delay": 0.8,
					"Acceleration": 0.8,
					"Radius": 13
				},
				{
					"Position": {
						"X": 0,
						"Y": 25
					},
					"Mobility": 0.9,
					"Delay": 0.85,
					"Acceleration": 0.82,
					"Radius": 12
				},
				{
					"Position": {
						"X": 0,
						"Y": 36
					},
					"Mobility": 0.9,
					"Delay": 0.87,
					"Acceleration": 0.84,
					"Radius": 11
				},
				{
					"Position": {
						"X": 0,
						"Y": 46
					},
					"Mobility": 0.9,
					"Delay": 0.9,
					"Acceleration": 0.86,
					"Radius": 10
				}
			],
			"Normalization": {
				"Position": {
					"Minimum": -10,
					"Default": 0,
					"Maximum": 10
				},
				"Angle": {
					"Minimum": -10,
					"Default": 0,
					"Maximum": 10
				}
			}
		},
		{
			"Id": "PhysicsSetting31",
			"Input": [
				{
					"Source": {
						"Target": "Parameter",
						"Id": "ParamBrowRY"
					},
					"Weight": 100,
					"Type": "Angle",
					"Reflect": false
				}
			],
			"Output": [
				{
					"Destination": {
						"Target": "Parameter",
						"Id": "Param4"
					},
					"VertexIndex": 1,
					"Scale": 1,
					"Weight": 100,
					"Type": "Angle",
					"Reflect": false
				}
			],
			"Vertices": [
				{
					"Position": {
						"X": 0,
						"Y": 0
					},
					"Mobility": 1,
					"Delay": 1,
					"Acceleration": 1,
					"Radius": 0
				},
				{
					"Position": {
						"X": 0,
						"Y": 10
					},
					"Mobility": 0.63,
					"Delay": 0.82,
					"Acceleration": 1.36,
					"Radius": 10
				}
			],
			"Normalization": {
				"Position": {
					"Minimum": -10,
					"Default": 0,
					"Maximum": 10
				},
				"Angle": {
					"Minimum": -57.3,
					"Default": 0,
					"Maximum": 57.3
				}
			}
		},
		{
			"Id": "PhysicsSetting32",
			"Input": [
				{
					"Source": {
						"Target": "Parameter",
						"Id": "ParamBrowRAngle"
					},
					"Weight": 100,
					"Type": "Angle",
					"Reflect": false
				}
			],
			"Output": [
				{
					"Destination": {
						"Target": "Parameter",
						"Id": "Param5"
					},
					"VertexIndex": 1,
					"Scale": 1,
					"Weight": 100,
					"Type": "Angle",
					"Reflect": false
				}
			],
			"Vertices": [
				{
					"Position": {
						"X": 0,
						"Y": 0
					},
					"Mobility": 1,
					"Delay": 1,
					"Acceleration": 1,
					"Radius": 0
				},
				{
					"Position": {
						"X": 0,
						"Y": 10
					},
					"Mobility": 0.63,
					"Delay": 0.82,
					"Acceleration": 1.36,
					"Radius": 10
				}
			],
			"Normalization": {
				"Position": {
					"Minimum": -10,
					"Default": 0,
					"Maximum": 10
				},
				"Angle": {
					"Minimum": -57.3,
					"Default": 0,
					"Maximum": 57.3
				}
			}
		},
		{
			"Id": "PhysicsSetting33",
			"Input": [
				{
					"Source": {
						"Target": "Parameter",
						"Id": "ParamBrowLAngle"
					},
					"Weight": 100,
					"Type": "Angle",
					"Reflect": false
				}
			],
			"Output": [
				{
					"Destination": {
						"Target": "Parameter",
						"Id": "Param2"
					},
					"VertexIndex": 1,
					"Scale": 1,
					"Weight": 100,
					"Type": "Angle",
					"Reflect": false
				}
			],
			"Vertices": [
				{
					"Position": {
						"X": 0,
						"Y": 0
					},
					"Mobility": 1,
					"Delay": 1,
					"Acceleration": 1,
					"Radius": 0
				},
				{
					"Position": {
						"X": 0,
						"Y": 10
					},
					"Mobility": 0.63,
					"Delay": 0.82,
					"Acceleration": 1.36,
					"Radius": 10
				}
			],
			"Normalization": {
				"Position": {
					"Minimum": -10,
					"Default": 0,
					"Maximum": 10
				},
				"Angle": {
					"Minimum": -57.3,
					"Default": 0,
					"Maximum": 57.3
				}
			}
		},
		{
			"Id": "PhysicsSetting34",
			"Input": [
				{
					"Source": {
						"Target": "Parameter",
						"Id": "ParamBrowLY"
					},
					"Weight": 100,
					"Type": "Angle",
					"Reflect": false
				}
			],
			"Output": [
				{
					"Destination": {
						"Target": "Parameter",
						"Id": "Param"
					},
					"VertexIndex": 1,
					"Scale": 1,
					"Weight": 100,
					"Type": "Angle",
					"Reflect": false
				}
			],
			"Vertices": [
				{
					"Position": {
						"X": 0,
						"Y": 0
					},
					"Mobility": 1,
					"Delay": 1,
					"Acceleration": 1,
					"Radius": 0
				},
				{
					"Position": {
						"X": 0,
						"Y": 10
					},
					"Mobility": 0.63,
					"Delay": 0.82,
					"Acceleration": 1.36,
					"Radius": 10
				}
			],
			"Normalization": {
				"Position": {
					"Minimum": -10,
					"Default": 0,
					"Maximum": 10
				},
				"Angle": {
					"Minimum": -57.3,
					"Default": 0,
					"Maximum": 57.3
				}
			}
		}
	]
}